时间戳,T1,T2,T3,T4,T5,T6,T7,T8,T9
2026-08-05 20:04:24,28.31,28.48,28.57,28.52,28.71,27.94,27.73,28.08,28.02
2026-08-05 20:04:25,28.30,28.49,28.57,28.54,28.71,27.90,27.79,28.11,28.09
2026-08-05 20:04:26,28.32,28.49,28.55,28.53,28.67,27.91,27.80,28.03,27.99
2026-08-05 20:04:27,28.35,28.51,28.54,28.53,28.73,27.87,27.83,28.08,28.06
2026-08-05 20:04:28,28.37,28.52,28.54,28.49,28.70,28.00,27.82,28.05,28.09
2026-08-05 20:04:29,28.38,28.51,28.55,28.49,28.73,27.99,27.85,28.11,28.02
2026-08-05 20:04:30,28.38,28.54,28.54,28.49,28.75,27.87,27.82,28.08,28.02
2026-08-05 20:04:31,28.38,28.54,28.55,28.49,28.73,27.90,27.88,28.08,28.06
2026-08-05 20:04:32,28.39,28.54,28.52,28.53,28.70,27.91,27.85,28.12,28.06
2026-08-05 20:04:33,28.38,28.54,28.55,28.47,28.74,27.88,27.83,28.09,28.03
2026-08-05 20:04:34,28.38,28.53,28.54,28.49,28.71,27.90,27.79,28.12,28.02
2026-08-05 20:04:35,28.38,28.53,28.54,28.50,28.68,27.91,27.80,28.08,28.03
2026-08-05 20:04:36,28.35,28.53,28.58,28.47,28.71,27.91,27.76,28.08,28.00
2026-08-05 20:04:37,28.36,28.52,28.59,28.49,28.73,27.91,27.80,28.12,28.02
2026-08-05 20:04:38,28.36,28.52,28.61,28.49,28.73,27.96,27.79,28.11,28.09
2026-08-05 20:04:39,28.56,28.52,28.61,28.50,28.70,28.00,27.83,28.08,27.94
2026-08-05 20:04:40,29.22,28.51,28.59,28.47,28.68,27.94,27.79,28.05,28.05
2026-08-05 20:04:41,29.96,28.51,28.64,28.50,28.64,27.90,27.80,28.15,28.05
2026-08-05 20:04:42,30.58,28.50,28.72,28.47,28.73,27.87,27.77,28.15,28.06
2026-08-05 20:04:43,31.08,28.52,28.73,28.52,28.70,27.91,27.86,28.12,28.06
2026-08-05 20:04:44,31.50,28.53,28.81,28.56,28.70,27.93,27.79,28.14,28.08
2026-08-05 20:04:45,31.82,28.56,28.86,28.57,28.73,27.93,27.89,28.11,28.09
2026-08-05 20:04:46,32.29,28.60,28.91,28.66,28.75,27.91,27.83,28.14,28.10
2026-08-05 20:04:47,32.43,28.63,28.95,28.67,28.74,27.93,27.89,28.21,28.18
2026-08-05 20:04:48,32.74,28.68,29.09,28.70,28.84,27.99,27.88,28.22,28.18
2026-08-05 20:04:49,32.95,28.73,29.18,28.80,28.91,27.93,27.79,28.24,28.22
2026-08-05 20:04:50,33.14,28.78,29.25,28.87,28.92,28.13,27.85,28.19,28.25
2026-08-05 20:04:51,33.32,28.82,29.31,28.92,28.96,28.01,27.83,28.34,28.31
2026-08-05 20:04:52,33.51,28.88,29.37,28.99,29.05,28.01,27.85,28.28,28.31
2026-08-05 20:04:53,33.70,28.95,29.48,29.03,29.07,27.99,27.82,28.31,28.32
2026-08-05 20:04:54,33.88,29.02,29.52,29.07,29.14,28.04,27.90,28.36,28.29
2026-08-05 20:04:55,34.04,29.09,29.60,29.14,29.18,28.06,27.85,28.39,28.38
2026-08-05 20:04:56,34.21,29.16,29.67,29.22,29.25,28.10,27.86,28.43,28.39
2026-08-05 20:04:57,34.36,29.23,29.75,29.25,29.32,28.06,27.90,28.48,28.42
2026-08-05 20:04:58,34.52,29.32,29.84,29.33,29.43,28.13,27.93,28.49,28.49
2026-08-05 20:04:59,34.68,29.37,29.95,29.39,29.43,28.11,27.90,28.56,28.49
2026-08-05 20:05:00,34.84,29.43,29.99,29.48,29.48,28.17,27.90,28.58,28.56
2026-08-05 20:05:01,34.98,29.48,30.03,29.53,29.58,28.04,27.89,28.65,28.62
2026-08-05 20:05:02,35.12,29.56,30.15,29.57,29.62,28.19,27.86,28.60,28.59
2026-08-05 20:05:03,35.30,29.65,30.23,29.65,29.66,28.19,27.89,28.67,28.61
2026-08-05 20:05:04,35.39,29.71,30.30,29.69,29.77,28.23,27.95,28.69,28.66
2026-08-05 20:05:05,35.52,29.75,30.38,29.81,29.78,28.23,27.93,28.75,28.68
2026-08-05 20:05:06,35.63,29.80,30.46,29.80,29.86,28.21,27.96,28.67,28.79
2026-08-05 20:05:07,35.74,29.88,30.55,29.90,29.93,28.28,27.90,28.79,28.82
2026-08-05 20:05:08,35.88,29.97,30.67,29.96,29.97,28.27,27.93,28.87,28.86
2026-08-05 20:05:09,35.98,30.04,30.73,30.04,30.02,28.30,27.90,28.87,28.86
2026-08-05 20:05:10,36.09,30.11,30.87,30.12,30.07,28.34,27.93,28.91,28.90
2026-08-05 20:05:11,36.21,30.17,30.91,30.18,30.13,28.30,28.02,28.97,28.94
2026-08-05 20:05:12,36.29,30.23,30.98,30.24,30.19,28.43,28.01,29.05,29.01
2026-08-05 20:05:13,36.41,30.30,31.11,30.32,30.25,28.40,28.05,29.11,29.03
2026-08-05 20:05:14,36.49,30.37,31.14,30.44,30.30,28.45,28.03,29.14,29.08
2026-08-05 20:05:15,36.58,30.41,31.22,30.52,30.38,28.40,27.93,29.16,29.14
2026-08-05 20:05:16,36.69,30.48,31.30,30.57,30.39,28.47,27.98,29.15,29.17
2026-08-05 20:05:17,36.80,30.55,31.40,30.69,30.48,28.51,28.03,29.22,29.22
2026-08-05 20:05:18,36.89,30.62,31.46,30.76,30.56,28.55,28.06,29.29,29.24
2026-08-05 20:05:19,37.00,30.69,31.54,30.82,30.59,28.57,28.08,29.30,29.28
2026-08-05 20:05:20,37.09,30.77,31.61,30.92,30.67,28.51,27.92,29.36,29.29
2026-08-05 20:05:21,37.18,30.83,31.70,30.97,30.73,28.55,28.02,29.41,29.31
2026-08-05 20:05:22,37.30,30.94,31.84,31.08,30.80,28.69,28.11,29.41,29.33
2026-08-05 20:05:23,37.41,31.01,31.85,31.17,30.93,28.68,28.09,29.48,29.47
2026-08-05 20:05:24,37.51,31.09,31.92,31.23,30.98,28.68,28.11,29.49,29.40
2026-08-05 20:05:26,37.67,31.19,32.05,31.39,31.07,28.71,28.18,29.55,29.50
2026-08-05 20:05:27,37.80,31.31,32.13,31.44,31.16,28.81,28.16,29.60,29.51
2026-08-05 20:05:28,37.95,31.42,32.24,31.55,31.29,28.78,28.19,29.62,29.60
2026-08-05 20:05:30,38.14,31.53,32.43,31.68,31.43,28.85,28.19,29.79,29.62
2026-08-05 20:05:31,38.27,31.66,32.55,31.81,31.54,28.93,28.24,29.81,29.76
2026-08-05 20:05:32,38.39,31.78,32.60,31.88,31.63,28.97,28.24,29.86,29.73
2026-08-05 20:05:34,38.54,31.87,32.70,31.97,31.76,28.97,28.25,29.93,29.80
2026-08-05 20:05:35,38.70,32.00,32.85,32.12,31.87,29.00,28.22,29.97,29.83
2026-08-05 20:05:36,38.80,32.10,32.95,32.18,31.97,29.00,28.22,29.96,29.83
2026-08-05 20:05:37,38.92,32.17,33.05,32.29,32.08,29.01,28.21,30.02,29.98
2026-08-05 20:05:39,39.06,32.32,33.15,32.39,32.17,29.05,28.26,30.09,29.98
2026-08-05 20:05:40,39.16,32.43,33.28,32.50,32.27,29.07,28.38,30.16,30.03
2026-08-05 20:05:41,39.34,32.52,33.37,32.59,32.37,29.10,28.31,30.20,30.14
2026-08-05 20:05:42,39.47,32.58,33.47,32.80,32.48,29.19,28.39,30.22,30.18
2026-08-05 20:05:44,39.58,32.70,33.56,32.87,32.68,29.30,28.45,30.35,30.21
2026-08-05 20:05:45,39.71,32.78,33.63,32.90,32.77,29.30,28.39,30.36,30.24
2026-08-05 20:05:46,39.86,32.87,33.73,33.01,32.81,29.36,28.39,30.42,30.30
2026-08-05 20:05:47,39.99,32.93,33.86,33.10,32.88,29.40,28.42,30.48,30.40
2026-08-05 20:05:49,40.10,33.05,33.96,33.19,32.99,29.43,28.46,30.58,30.42
2026-08-05 20:05:50,40.21,33.11,34.01,33.28,33.05,29.49,28.48,30.65,30.53
2026-08-05 20:05:51,40.37,33.20,34.13,33.35,33.15,29.48,28.45,30.66,30.57
2026-08-05 20:05:52,40.49,33.31,34.20,33.48,33.22,29.47,28.48,30.72,30.61
2026-08-05 20:05:54,40.61,33.38,34.27,33.58,33.25,29.49,28.46,30.76,30.64
2026-08-05 20:05:55,40.72,33.47,34.35,33.64,33.35,29.55,28.52,30.81,30.70
2026-08-05 20:05:56,40.87,33.53,34.45,33.72,33.47,29.62,28.58,30.89,30.83
2026-08-05 20:05:58,41.00,33.64,34.53,33.82,33.58,29.70,28.59,30.95,30.83
2026-08-05 20:05:59,41.17,33.74,34.67,33.91,33.63,29.77,28.66,31.04,30.93
2026-08-05 20:06:00,41.30,33.84,34.72,33.98,33.77,29.79,28.60,31.09,30.93
2026-08-05 20:06:01,41.43,33.92,34.79,34.08,33.85,29.86,28.59,31.11,30.98
2026-08-05 20:06:03,41.57,34.03,34.84,34.14,33.91,29.82,28.66,31.31,31.01
2026-08-05 20:06:04,41.73,34.12,34.95,34.22,34.01,29.93,28.69,31.24,31.06
2026-08-05 20:06:05,41.85,34.22,35.01,34.34,34.12,29.87,28.70,31.29,31.19
2026-08-05 20:06:07,41.98,34.29,35.12,34.37,34.20,29.99,28.72,31.31,31.23
2026-08-05 20:06:08,42.10,34.38,35.19,34.42,34.27,29.99,28.75,31.35,31.23
2026-08-05 20:06:09,42.24,34.45,35.32,34.53,34.32,30.07,28.77,31.44,31.29
2026-08-05 20:06:10,42.34,34.52,35.38,34.62,34.39,30.13,28.82,31.52,31.34
2026-08-05 20:06:12,42.45,34.59,35.47,34.69,34.51,30.19,28.82,31.56,31.41
2026-08-05 20:06:13,42.56,34.69,35.55,34.76,34.55,30.21,28.83,31.60,31.43
2026-08-05 20:06:14,42.66,34.75,35.66,34.81,34.64,30.27,28.84,31.66,31.43
2026-08-05 20:06:15,42.77,34.83,35.73,34.91,34.66,30.31,28.83,31.73,31.51
2026-08-05 20:06:17,42.86,34.88,35.80,34.96,34.76,30.34,28.94,31.80,31.58
2026-08-05 20:06:18,42.98,34.96,35.90,34.99,34.78,30.37,28.89,31.78,31.63
2026-08-05 20:06:19,43.09,35.02,35.98,35.12,34.89,30.43,28.83,31.80,31.71
2026-08-05 20:06:20,43.18,35.11,36.04,35.17,34.96,30.45,28.93,31.81,31.68
2026-08-05 20:06:22,43.31,35.19,36.13,35.26,35.03,30.49,29.00,31.90,31.68
2026-08-05 20:06:24,43.40,35.26,36.20,35.31,35.10,30.50,28.91,31.94,31.76
2026-08-05 20:06:25,43.59,35.38,36.34,35.45,35.23,30.54,28.98,32.09,31.83
2026-08-05 20:06:27,43.69,35.47,36.41,35.48,35.29,30.59,29.05,32.12,31.86
2026-08-05 20:06:28,43.79,35.53,36.45,35.57,35.35,30.67,29.07,32.15,31.99
2026-08-05 20:06:29,43.89,35.60,36.54,35.64,35.39,30.64,29.07,32.21,31.99
2026-08-05 20:06:30,43.98,35.67,36.59,35.67,35.45,30.68,29.15,32.31,31.96
2026-08-05 20:06:32,44.09,35.72,36.67,35.79,35.48,30.71,29.12,32.32,32.15
2026-08-05 20:06:33,44.19,35.77,36.71,35.90,35.60,30.72,29.14,32.38,32.13
2026-08-05 20:06:34,44.27,35.84,36.82,35.91,35.65,30.83,29.15,32.39,32.18
2026-08-05 20:06:35,44.37,35.92,36.89,35.99,35.71,30.80,29.11,32.43,32.26
2026-08-05 20:06:37,44.48,35.98,36.94,36.04,35.76,30.85,29.07,32.49,32.24
2026-08-05 20:06:38,44.56,36.04,36.98,36.15,35.80,30.92,29.14,32.59,32.33
2026-08-05 20:06:39,44.66,36.09,37.04,36.18,35.87,30.81,29.18,32.58,32.34
2026-08-05 20:06:40,44.74,36.16,37.14,36.22,35.93,30.94,29.18,32.62,32.38
2026-08-05 20:06:42,44.84,36.21,37.18,36.26,36.01,30.97,29.11,32.63,32.43
2026-08-05 20:06:43,44.94,36.27,37.24,36.33,36.03,31.02,29.08,32.70,32.43
2026-08-05 20:06:44,45.02,36.32,37.28,36.38,36.09,31.07,29.09,32.76,32.50
2026-08-05 20:06:45,45.13,36.39,37.34,36.43,36.12,31.09,29.01,32.83,32.54
2026-08-05 20:06:47,45.22,36.42,37.38,36.52,36.20,31.16,29.19,32.87,32.63
2026-08-05 20:06:48,45.30,36.50,37.48,36.59,36.22,31.20,29.23,32.96,32.63
2026-08-05 20:06:49,45.40,36.56,37.53,36.60,36.31,31.24,29.15,32.97,32.69
2026-08-05 20:06:51,45.50,36.61,37.58,36.65,36.35,31.29,29.18,32.99,32.69
2026-08-05 20:06:52,45.61,36.70,37.62,36.71,36.42,31.36,29.21,33.05,32.70
2026-08-05 20:06:53,45.71,36.75,37.69,36.78,36.49,31.42,29.34,33.07,32.78
2026-08-05 20:06:54,45.82,36.81,37.72,36.85,36.56,31.41,29.33,33.09,32.81
2026-08-05 20:06:56,45.91,36.89,37.74,36.89,36.62,31.43,29.33,33.09,32.89
2026-08-05 20:06:57,45.98,36.93,37.84,36.91,36.67,31.46,29.25,33.09,32.85
2026-08-05 20:06:58,46.07,36.99,37.87,36.95,36.71,31.50,29.21,33.19,32.97
2026-08-05 20:06:59,46.15,37.03,37.93,36.99,36.77,31.52,29.27,33.24,32.95
2026-08-05 20:07:01,46.23,37.09,38.01,37.03,36.79,31.57,29.27,33.27,33.02
2026-08-05 20:07:02,46.29,37.13,38.03,37.09,36.85,31.57,29.29,33.29,33.04
2026-08-05 20:07:03,46.37,37.16,38.12,37.12,36.90,31.66,29.33,33.35,33.04
2026-08-05 20:07:04,46.43,37.22,38.19,37.18,36.93,31.70,29.41,33.37,33.11
2026-08-05 20:07:06,46.49,37.24,38.24,37.21,36.98,31.73,29.37,33.43,33.15
2026-08-05 20:07:07,46.54,37.32,38.29,37.27,37.02,31.73,29.33,33.43,33.16
2026-08-05 20:07:08,46.60,37.34,38.33,37.32,37.09,31.83,29.30,33.55,33.21
2026-08-05 20:07:09,46.63,37.39,38.44,37.35,37.08,31.85,29.37,33.54,33.22
2026-08-05 20:07:11,46.68,37.42,38.40,37.42,37.11,31.78,29.32,33.59,33.22
2026-08-05 20:07:12,46.74,37.47,38.43,37.47,37.18,31.82,29.26,33.58,33.24
2026-08-05 20:07:13,46.78,37.51,38.50,37.50,37.19,31.95,29.29,33.67,33.30
2026-08-05 20:07:15,46.84,37.55,38.53,37.54,37.25,31.92,29.29,33.65,33.29
2026-08-05 20:07:16,46.90,37.58,38.56,37.59,37.28,31.94,29.38,33.70,33.35
2026-08-05 20:07:17,46.95,37.61,38.64,37.66,37.29,31.94,29.37,33.69,33.39
2026-08-05 20:07:18,47.01,37.67,38.65,37.70,37.34,31.97,29.34,33.71,33.38
2026-08-05 20:07:20,47.08,37.72,38.67,37.73,37.36,32.02,29.37,33.69,33.40
2026-08-05 20:07:21,47.14,37.75,38.73,37.77,37.44,32.02,29.47,33.77,33.45
2026-08-05 20:07:22,47.20,37.81,38.76,37.80,37.53,32.02,29.40,33.87,33.51
2026-08-05 20:07:24,47.28,37.86,38.78,37.82,37.53,32.07,29.47,33.89,33.46
2026-08-05 20:07:25,47.35,37.91,38.82,37.85,37.60,32.12,29.55,33.92,33.56
2026-08-05 20:07:26,47.42,37.96,38.85,37.90,37.62,32.08,29.58,33.96,33.55
2026-08-05 20:07:27,47.47,37.99,38.92,37.92,37.66,32.18,29.55,33.97,33.58
2026-08-05 20:07:29,47.53,38.04,38.93,37.96,37.70,32.24,29.56,34.03,33.62
2026-08-05 20:07:30,47.58,38.08,38.97,37.97,37.75,32.29,29.62,34.11,33.67
2026-08-05 20:07:31,47.63,38.12,39.04,38.02,37.79,32.29,29.62,34.03,33.67
2026-08-05 20:07:32,47.66,38.16,39.08,38.06,37.79,32.30,29.62,34.13,33.73
2026-08-05 20:07:34,47.70,38.20,39.08,38.09,37.81,32.37,29.78,34.20,33.80
2026-08-05 20:07:35,47.75,38.24,39.17,38.11,37.84,32.35,29.79,34.21,33.80
2026-08-05 20:07:36,47.79,38.26,39.17,38.15,37.87,32.40,29.83,34.29,33.88
2026-08-05 20:07:37,47.82,38.27,39.23,38.17,37.89,32.35,29.73,34.31,33.86
2026-08-05 20:07:39,47.84,38.29,39.24,38.20,37.94,32.39,29.78,34.31,33.88
2026-08-05 20:07:40,47.88,38.33,39.30,38.24,37.96,32.42,29.73,34.36,33.95
2026-08-05 20:07:41,47.91,38.36,39.32,38.27,37.98,32.43,29.81,34.40,33.94
2026-08-05 20:07:42,47.94,38.38,39.35,38.31,38.01,32.42,29.90,34.41,33.94
2026-08-05 20:07:44,47.97,38.41,39.36,38.33,38.03,32.53,29.86,34.45,34.03
2026-08-05 20:07:45,48.00,38.43,39.36,38.41,38.08,32.51,29.92,34.49,34.05
2026-08-05 20:07:46,48.03,38.48,39.38,38.42,38.09,32.53,29.83,34.55,34.09
2026-08-05 20:07:47,48.08,38.52,39.42,38.43,38.13,32.59,29.88,34.50,34.07
2026-08-05 20:07:49,48.12,38.54,39.43,38.46,38.15,32.55,29.88,34.51,34.09
2026-08-05 20:07:50,48.17,38.59,39.48,38.52,38.21,32.65,29.90,34.54,34.12
2026-08-05 20:07:51,48.22,38.63,39.43,38.56,38.25,32.67,29.86,34.61,34.15
2026-08-05 20:07:53,48.26,38.66,39.47,38.59,38.27,32.67,29.93,34.62,34.20
2026-08-05 20:07:54,48.30,38.70,39.49,38.58,38.31,32.72,29.88,34.58,34.20
2026-08-05 20:07:55,48.33,38.73,39.54,38.59,38.34,32.72,29.94,34.59,34.22
2026-08-05 20:07:56,48.36,38.75,39.55,38.61,38.38,32.78,29.94,34.63,34.23
2026-08-05 20:07:58,48.38,38.77,39.61,38.61,38.43,32.74,29.94,34.70,34.23
2026-08-05 20:07:59,48.40,38.79,39.64,38.67,38.47,32.80,29.93,34.76,34.32
2026-08-05 20:08:00,48.41,38.83,39.68,38.68,38.44,32.82,29.94,34.74,34.32
2026-08-05 20:08:02,48.43,38.86,39.76,38.71,38.47,32.87,29.92,34.73,34.32
2026-08-05 20:08:03,48.45,38.87,39.74,38.76,38.48,32.86,29.90,34.74,34.31
2026-08-05 20:08:04,48.46,38.89,39.78,38.75,38.49,32.80,29.97,34.79,34.36
2026-08-05 20:08:05,48.48,38.91,39.79,38.79,38.51,32.89,30.01,34.84,34.44
2026-08-05 20:08:07,48.50,38.92,39.82,38.81,38.55,32.87,30.06,34.87,34.40
2026-08-05 20:08:08,48.51,38.92,39.81,38.84,38.56,32.87,30.09,34.86,34.44
2026-08-05 20:08:09,48.52,38.96,39.85,38.88,38.58,32.91,30.06,34.81,34.44
2026-08-05 20:08:10,48.54,38.96,39.86,38.92,38.62,32.91,30.04,34.86,34.40
2026-08-05 20:08:12,48.56,38.99,39.91,38.92,38.63,32.92,29.98,34.90,34.45
2026-08-05 20:08:13,48.59,39.02,39.90,38.95,38.67,32.97,29.98,34.93,34.49
2026-08-05 20:08:14,48.61,39.04,39.90,38.95,38.70,33.00,30.00,34.96,34.55
2026-08-05 20:08:15,48.64,39.08,39.93,38.95,38.70,33.04,30.05,34.95,34.51
2026-08-05 20:08:17,48.67,39.09,39.95,38.98,38.72,33.04,30.04,34.98,34.57
2026-08-05 20:08:18,48.70,39.13,39.95,39.01,38.79,33.04,30.05,34.96,34.51
2026-08-05 20:08:19,48.72,39.15,39.98,39.01,38.78,33.05,29.97,35.01,34.58
2026-08-05 20:08:20,48.74,39.16,39.98,39.01,38.80,33.08,29.96,35.02,34.57
2026-08-05 20:08:21,48.79,39.19,40.00,39.04,38.81,33.09,29.94,34.99,34.59
2026-08-05 20:08:22,48.80,39.20,40.02,39.05,38.83,33.09,29.97,35.00,34.55
2026-08-05 20:08:23,48.81,39.21,40.02,39.07,38.84,33.10,29.97,34.95,34.57
2026-08-05 20:08:24,48.83,39.22,40.06,39.07,38.85,33.05,30.02,34.94,34.57
2026-08-05 20:08:25,48.84,39.23,40.08,39.08,38.86,33.10,30.04,35.04,34.60
2026-08-05 20:08:26,48.84,39.25,40.09,39.10,38.87,33.09,30.12,35.10,34.63
2026-08-05 20:08:27,48.85,39.28,40.12,39.09,38.91,33.13,30.05,35.09,34.62
2026-08-05 20:08:28,48.86,39.29,40.15,39.11,38.92,33.13,30.16,35.12,34.71
2026-08-05 20:08:29,48.87,39.30,40.16,39.12,38.93,33.17,30.16,35.11,34.73
2026-08-05 20:08:30,48.89,39.32,40.16,39.14,38.95,33.16,30.10,35.09,34.71
2026-08-05 20:08:31,48.89,39.32,40.18,39.16,38.95,33.26,30.20,35.12,34.66
2026-08-05 20:08:32,48.89,39.32,40.20,39.17,38.96,33.23,30.17,35.14,34.72
2026-08-05 20:08:33,48.91,39.32,40.20,39.20,38.94,33.26,30.18,35.20,34.74
2026-08-05 20:08:34,48.91,39.33,40.23,39.20,39.00,33.23,30.14,35.22,34.73
2026-08-05 20:08:35,48.90,39.36,40.24,39.23,38.99,33.26,30.13,35.17,34.74
2026-08-05 20:08:36,48.91,39.37,40.23,39.24,38.98,33.21,30.16,35.17,34.78
2026-08-05 20:08:37,48.92,39.37,40.23,39.24,39.00,33.26,30.17,35.17,34.83
2026-08-05 20:08:38,48.93,39.39,40.24,39.27,39.00,33.27,30.22,35.17,34.79
2026-08-05 20:08:39,48.93,39.39,40.26,39.27,39.00,33.31,30.28,35.19,34.80
2026-08-05 20:08:40,48.95,39.41,40.26,39.29,39.02,33.25,30.14,35.26,34.80
2026-08-05 20:08:41,48.97,39.43,40.26,39.31,39.06,33.29,30.18,35.24,34.80
2026-08-05 20:08:42,48.98,39.45,40.26,39.32,39.09,33.28,30.20,35.26,34.81
2026-08-05 20:08:44,49.03,39.48,40.27,39.34,39.11,33.32,30.32,35.27,34.87
2026-08-05 20:08:46,49.06,39.51,40.29,39.35,39.12,33.34,30.24,35.22,34.81
2026-08-05 20:08:47,49.07,39.52,40.28,39.34,39.14,33.32,30.25,35.28,34.88
2026-08-05 20:08:48,49.11,39.55,40.30,39.39,39.18,33.39,30.31,35.33,34.86
2026-08-05 20:08:49,49.13,39.57,40.32,39.38,39.17,33.38,30.29,35.30,34.88
2026-08-05 20:08:51,49.14,39.58,40.40,39.40,39.18,33.40,30.35,35.39,34.95
2026-08-05 20:08:52,49.16,39.60,40.37,39.41,39.22,33.38,30.29,35.34,34.91
2026-08-05 20:08:53,49.17,39.60,40.38,39.41,39.23,33.46,30.32,35.34,34.94
2026-08-05 20:08:54,49.18,39.62,40.40,39.43,39.24,33.42,30.28,35.36,34.98
2026-08-05 20:08:56,49.18,39.62,40.41,39.42,39.22,33.38,30.24,35.39,34.96
2026-08-05 20:08:57,49.19,39.63,40.46,39.43,39.26,33.42,30.21,35.47,34.96
2026-08-05 20:08:58,49.20,39.65,40.46,39.47,39.24,33.44,30.17,35.41,35.00
2026-08-05 20:08:59,49.20,39.64,40.45,39.49,39.31,33.45,30.22,35.40,35.00
2026-08-05 20:09:01,49.21,39.67,40.47,39.48,39.28,33.43,30.28,35.38,34.99
2026-08-05 20:09:02,49.22,39.67,40.49,39.49,39.28,33.44,30.36,35.44,35.01
2026-08-05 20:09:03,49.22,39.69,40.48,39.51,39.31,33.47,30.38,35.42,35.05
2026-08-05 20:09:04,49.23,39.69,40.49,39.51,39.31,33.51,30.38,35.45,35.05
2026-08-05 20:09:05,49.23,39.70,40.50,39.52,39.35,33.55,30.42,35.50,35.07
2026-08-05 20:09:06,49.25,39.73,40.52,39.53,39.34,33.52,30.42,35.42,35.05
2026-08-05 20:09:07,49.26,39.72,40.53,39.53,39.33,33.47,30.38,35.44,35.13
2026-08-05 20:09:08,49.28,39.73,40.52,39.56,39.33,33.53,30.42,35.41,35.08
2026-08-05 20:09:09,49.29,39.73,40.56,39.56,39.36,33.57,30.35,35.49,35.11
2026-08-05 20:09:10,49.30,39.74,40.52,39.55,39.36,33.55,30.35,35.48,35.11
2026-08-05 20:09:11,49.32,39.76,40.52,39.56,39.36,33.53,30.32,35.49,35.11
2026-08-05 20:09:12,49.33,39.77,40.54,39.58,39.38,33.58,30.25,35.49,35.10
2026-08-05 20:09:13,49.35,39.79,40.55,39.60,39.41,33.57,30.36,35.54,35.11
2026-08-05 20:09:14,49.38,39.81,40.58,39.58,39.44,33.63,30.38,35.51,35.14
2026-08-05 20:09:15,49.39,39.81,40.55,39.61,39.44,33.64,30.36,35.48,35.29
2026-08-05 20:09:16,49.40,39.80,40.55,39.62,39.44,33.63,30.33,35.48,35.14
2026-08-05 20:09:17,49.42,39.83,40.54,39.63,39.46,33.62,30.36,35.53,35.19
2026-08-05 20:09:18,49.43,39.84,40.56,39.68,39.45,33.59,30.32,35.57,35.18
2026-08-05 20:09:19,49.45,39.85,40.56,39.64,39.46,33.61,30.29,35.56,35.21
2026-08-05 20:09:20,49.46,39.86,40.58,39.65,39.46,33.63,30.32,35.60,35.15
2026-08-05 20:09:21,49.46,39.88,40.55,39.65,39.49,33.67,30.24,35.54,35.14
2026-08-05 20:09:22,49.47,39.87,40.58,39.66,39.50,33.64,30.17,35.52,35.13
2026-08-05 20:09:23,49.48,39.87,40.57,39.70,39.49,33.68,30.27,35.57,35.15
2026-08-05 20:09:24,49.47,39.87,40.59,39.67,39.51,33.68,30.33,35.61,35.11
2026-08-05 20:09:26,49.48,39.88,40.61,39.72,39.53,33.67,30.41,35.53,35.14
2026-08-05 20:09:27,49.47,39.87,40.60,39.70,39.50,33.65,30.42,35.65,35.18
2026-08-05 20:09:28,49.48,39.88,40.65,39.72,39.48,33.69,30.36,35.64,35.22
2026-08-05 20:09:29,49.49,39.90,40.61,39.71,39.50,33.69,30.33,35.71,35.21
2026-08-05 20:09:30,49.49,39.91,40.63,39.76,39.55,33.70,30.35,35.68,35.22
2026-08-05 20:09:31,49.49,39.91,40.62,39.76,39.53,33.67,30.36,35.61,35.19
2026-08-05 20:09:32,49.50,39.91,40.65,39.76,39.53,33.74,30.45,35.69,35.22
2026-08-05 20:09:33,49.51,39.91,40.68,39.76,39.53,33.73,30.41,35.69,35.25
2026-08-05 20:09:34,49.53,39.93,40.66,39.77,39.55,33.71,30.45,35.72,35.29
2026-08-05 20:09:35,49.52,39.93,40.67,39.78,39.55,33.76,30.50,35.74,35.31
2026-08-05 20:09:36,49.54,39.95,40.68,39.79,39.60,33.78,30.52,35.74,35.26
2026-08-05 20:09:37,49.55,39.95,40.66,39.77,39.60,33.76,30.56,35.78,35.32
2026-08-05 20:09:38,49.56,39.94,40.67,39.80,39.57,33.74,30.49,35.76,35.31
2026-08-05 20:09:39,49.58,39.96,40.68,39.83,39.61,33.80,30.57,35.74,35.32
2026-08-05 20:09:40,49.59,39.98,40.68,39.82,39.61,33.80,30.48,35.72,35.29
2026-08-05 20:09:41,49.61,40.01,40.66,39.82,39.62,33.76,30.46,35.77,35.31
2026-08-05 20:09:42,49.63,40.01,40.68,39.80,39.63,33.83,30.48,35.72,35.30
2026-08-05 20:09:43,49.64,40.02,40.70,39.84,39.66,33.80,30.53,35.70,35.29
2026-08-05 20:09:44,49.65,40.02,40.70,39.82,39.66,33.78,30.52,35.67,35.31
2026-08-05 20:09:45,49.66,40.02,40.71,39.83,39.66,33.80,30.58,35.76,35.34
2026-08-05 20:09:46,49.68,40.04,40.71,39.85,39.64,33.80,30.58,35.70,35.33
2026-08-05 20:09:47,49.68,40.04,40.73,39.87,39.67,33.77,30.65,35.72,35.34
2026-08-05 20:09:48,49.69,40.05,40.75,39.88,39.66,33.80,30.58,35.77,35.37
2026-08-05 20:09:49,49.70,40.04,40.76,39.87,39.70,33.78,30.56,35.71,35.31
2026-08-05 20:09:50,49.69,40.05,40.75,39.84,39.72,33.77,30.56,35.69,35.31
2026-08-05 20:09:51,49.69,40.04,40.76,39.86,39.71,33.87,30.53,35.69,35.30
2026-08-05 20:09:52,49.69,40.06,40.77,39.85,39.72,33.76,30.46,35.74,35.36
2026-08-05 20:09:53,49.69,40.06,40.80,39.89,39.67,33.80,30.42,35.75,35.29
2026-08-05 20:09:54,49.69,40.06,40.80,39.87,39.68,33.84,30.50,35.74,35.31
2026-08-05 20:09:55,49.70,40.06,40.81,39.88,39.69,33.81,30.61,35.81,35.36
2026-08-05 20:09:56,49.70,40.06,40.80,39.89,39.73,33.78,30.57,35.81,35.39
2026-08-05 20:09:57,49.71,40.08,40.80,39.89,39.73,33.80,30.60,35.80,35.33
2026-08-05 20:09:58,49.71,40.06,40.80,39.90,39.72,33.83,30.61,35.77,35.36
2026-08-05 20:09:59,49.72,40.07,40.83,39.91,39.71,33.80,30.61,35.74,35.34
2026-08-05 20:10:00,49.73,40.09,40.82,39.93,39.75,33.83,30.66,35.83,35.39
2026-08-05 20:10:01,49.72,40.09,40.83,39.91,39.71,33.84,30.68,35.79,35.38
2026-08-05 20:10:02,49.73,40.09,40.83,39.95,39.75,33.83,30.70,35.81,35.39
2026-08-05 20:10:03,49.73,40.09,40.81,39.92,39.74,33.84,30.64,35.84,35.40
2026-08-05 20:10:04,49.73,40.10,40.82,39.98,39.74,33.82,30.66,35.85,35.42
2026-08-05 20:10:05,49.73,40.08,40.87,39.94,39.75,33.90,30.65,35.77,35.44
2026-08-05 20:10:06,49.75,40.10,40.82,39.96,39.75,33.84,30.60,35.83,35.42
2026-08-05 20:10:07,49.75,40.11,40.82,39.97,39.78,33.87,30.72,35.85,35.37
2026-08-05 20:10:08,49.75,40.12,40.84,39.95,39.78,33.89,30.73,35.89,35.48
2026-08-05 20:10:09,49.76,40.13,40.84,39.99,39.78,33.93,30.70,35.90,35.47
2026-08-05 20:10:10,49.77,40.13,40.85,39.96,39.78,33.87,30.61,35.86,35.53
2026-08-05 20:10:11,49.77,40.14,40.85,40.03,39.78,33.87,30.54,35.83,35.49
2026-08-05 20:10:12,49.78,40.14,40.84,40.02,39.79,33.93,30.61,35.85,35.46
2026-08-05 20:10:13,49.79,40.13,40.85,40.02,39.79,33.94,30.65,35.86,35.47
2026-08-05 20:10:14,49.79,40.15,40.82,40.02,39.79,33.90,30.69,35.88,35.49
2026-08-05 20:10:15,49.81,40.15,40.86,40.02,39.81,33.92,30.65,35.87,35.48
2026-08-05 20:10:16,49.81,40.15,40.87,39.99,39.82,33.96,30.61,35.90,35.51
2026-08-05 20:10:17,49.82,40.16,40.88,40.04,39.82,33.93,30.49,35.88,35.54
2026-08-05 20:10:18,49.82,40.18,40.87,40.01,39.79,34.00,30.46,35.84,35.49
2026-08-05 20:10:19,49.84,40.19,40.86,40.03,39.80,33.92,30.38,35.81,35.42
2026-08-05 20:10:20,49.84,40.19,40.88,40.04,39.82,33.92,30.44,35.78,35.47
2026-08-05 20:10:21,49.86,40.19,40.87,40.06,39.82,33.89,30.45,35.84,35.49
2026-08-05 20:10:23,49.89,40.23,40.87,40.04,39.88,33.87,30.50,35.86,35.40
2026-08-05 20:10:24,49.88,40.21,40.86,40.06,39.87,33.89,30.60,35.94,35.49
2026-08-05 20:10:25,49.89,40.23,40.88,40.08,39.87,33.83,30.65,35.89,35.47
2026-08-05 20:10:26,49.91,40.23,40.85,40.06,39.88,33.86,30.68,35.87,35.48
2026-08-05 20:10:28,49.93,40.24,40.88,40.07,39.91,33.80,30.70,35.92,35.46
2026-08-05 20:10:29,49.93,40.24,40.88,40.06,39.90,33.90,30.72,35.86,35.48
2026-08-05 20:10:30,49.95,40.24,40.87,40.08,39.87,33.88,30.77,35.89,35.46
2026-08-05 20:10:32,49.97,40.24,40.90,40.10,39.91,33.81,30.85,35.87,35.54
2026-08-05 20:10:33,49.97,40.26,40.89,40.07,39.91,33.86,30.82,35.97,35.54
2026-08-05 20:10:34,49.97,40.28,40.93,40.07,39.92,33.87,30.87,35.93,35.54
2026-08-05 20:10:35,49.99,40.28,40.90,40.10,39.94,33.93,30.93,35.97,35.55
2026-08-05 20:10:36,49.99,40.29,40.91,40.10,39.93,33.90,30.85,35.94,35.58
2026-08-05 20:10:37,50.00,40.28,40.93,40.11,39.94,33.94,30.86,35.97,35.56
2026-08-05 20:10:38,50.01,40.27,40.88,40.07,39.94,33.89,30.90,35.97,35.57
2026-08-05 20:10:39,50.02,40.29,40.91,40.13,39.96,33.97,30.90,35.96,35.63
2026-08-05 20:10:40,50.03,40.30,40.91,40.11,39.98,34.00,30.95,36.03,35.59
2026-08-05 20:10:41,50.03,40.32,40.95,40.10,39.97,33.97,31.00,36.04,35.68
2026-08-05 20:10:42,50.04,40.33,40.94,40.11,39.99,33.99,31.06,36.05,35.64
2026-08-05 20:10:43,50.05,40.33,40.93,40.13,39.98,34.02,30.99,36.08,35.70
2026-08-05 20:10:44,50.06,40.33,40.96,40.10,39.99,34.00,31.02,36.07,35.63
2026-08-05 20:10:45,50.06,40.34,40.93,40.12,40.01,34.06,31.08,36.05,35.66
2026-08-05 20:10:46,50.06,40.33,40.97,40.10,40.00,34.02,31.04,36.10,35.64
2026-08-05 20:10:47,50.06,40.32,40.98,40.13,39.99,34.06,31.07,36.05,35.71
2026-08-05 20:10:48,50.06,40.35,40.98,40.14,39.99,34.09,31.03,36.05,35.68
2026-08-05 20:10:49,50.06,40.32,40.99,40.14,40.01,34.14,31.00,36.08,35.67
2026-08-05 20:10:50,50.06,40.32,40.99,40.14,40.01,34.01,31.04,36.06,35.68
2026-08-05 20:10:51,50.07,40.32,41.00,40.15,40.02,34.09,31.04,36.07,35.68
2026-08-05 20:10:52,50.08,40.33,41.02,40.15,40.02,34.07,31.02,36.09,35.68
2026-08-05 20:10:53,50.07,40.33,40.99,40.15,40.01,34.07,30.99,36.13,35.65
2026-08-05 20:10:54,50.08,40.34,41.02,40.16,40.04,34.12,31.04,36.13,35.72
2026-08-05 20:10:55,50.07,40.33,41.03,40.18,39.99,34.09,31.00,36.07,35.66
2026-08-05 20:10:56,50.08,40.34,41.00,40.17,40.02,34.13,31.03,36.07,35.67
2026-08-05 20:10:57,50.08,40.34,41.03,40.18,40.01,34.12,31.06,36.14,35.67
2026-08-05 20:10:58,50.07,40.33,41.02,40.20,40.01,34.15,31.13,36.20,35.70
2026-08-05 20:10:59,50.07,40.34,41.04,40.20,40.02,34.13,31.13,36.18,35.73
2026-08-05 20:11:00,50.08,40.32,41.01,40.21,40.04,34.15,31.13,36.16,35.73
2026-08-05 20:11:01,50.08,40.33,41.04,40.22,40.04,34.17,31.22,36.19,35.74
2026-08-05 20:11:02,50.09,40.35,41.04,40.21,40.03,34.17,31.25,36.18,35.76
2026-08-05 20:11:03,50.09,40.34,41.04,40.21,40.02,34.22,31.28,36.19,35.76
2026-08-05 20:11:04,50.10,40.35,41.04,40.20,40.04,34.24,31.26,36.25,35.76
2026-08-05 20:11:05,50.11,40.35,41.04,40.23,40.04,34.19,31.21,36.22,35.81
2026-08-05 20:11:06,50.12,40.37,41.01,40.20,40.07,34.20,31.20,36.24,35.79
2026-08-05 20:11:07,50.11,40.37,41.04,40.25,40.05,34.21,31.16,36.22,35.87
2026-08-05 20:11:08,50.12,40.37,41.04,40.23,40.08,34.26,31.20,36.26,35.81
2026-08-05 20:11:09,50.13,40.37,41.05,40.24,40.07,34.21,31.16,36.22,35.80
2026-08-05 20:11:10,50.14,40.36,41.04,40.21,40.07,34.30,31.17,36.19,35.82
2026-08-05 20:11:11,50.15,40.37,41.04,40.23,40.07,34.27,31.17,36.23,35.83
2026-08-05 20:11:12,50.16,40.38,41.04,40.24,40.09,34.19,31.12,36.18,35.85
2026-08-05 20:11:13,50.16,40.39,41.04,40.26,40.10,34.19,31.08,36.19,35.83
2026-08-05 20:11:14,50.16,40.37,41.05,40.27,40.08,34.24,31.21,36.24,35.80
2026-08-05 20:11:15,50.17,40.39,41.05,40.25,40.11,34.26,31.15,36.27,35.82
2026-08-05 20:11:16,50.18,40.40,41.04,40.26,40.10,34.24,31.09,36.25,35.80
2026-08-05 20:11:17,50.18,40.41,41.07,40.26,40.11,34.20,31.08,36.23,35.84
2026-08-05 20:11:18,50.18,40.40,41.07,40.26,40.11,34.29,31.02,36.18,35.79
2026-08-05 20:11:19,50.20,40.41,41.06,40.28,40.12,34.26,31.03,36.16,35.75
2026-08-05 20:11:20,50.20,40.40,41.08,40.27,40.15,34.26,31.00,36.17,35.81
2026-08-05 20:11:21,50.20,40.41,41.07,40.29,40.13,34.22,31.09,36.19,35.83
2026-08-05 20:11:22,50.21,40.40,41.06,40.28,40.12,34.26,31.04,36.22,35.75
2026-08-05 20:11:23,50.21,40.41,41.07,40.30,40.11,34.27,30.95,36.23,35.75
2026-08-05 20:11:25,50.23,40.41,41.06,40.28,40.13,34.26,30.91,36.08,35.72
2026-08-05 20:11:26,50.24,40.42,41.06,40.28,40.11,34.23,30.93,36.12,35.71
2026-08-05 20:11:27,50.25,40.43,41.09,40.31,40.14,34.20,31.00,36.17,35.73
2026-08-05 20:11:29,50.25,40.43,41.08,40.31,40.15,34.27,31.03,36.20,35.75
2026-08-05 20:11:30,50.27,40.43,41.11,40.32,40.16,34.23,31.03,36.23,35.74
2026-08-05 20:11:31,50.28,40.44,41.10,40.28,40.17,34.21,31.02,36.24,35.79
2026-08-05 20:11:32,50.29,40.45,41.12,40.31,40.17,34.17,31.00,36.14,35.80
2026-08-05 20:11:34,50.30,40.44,41.11,40.28,40.16,34.26,30.98,36.15,35.76
2026-08-05 20:11:35,50.31,40.47,41.11,40.29,40.16,34.23,31.00,36.15,35.79
2026-08-05 20:11:36,50.33,40.46,41.14,40.30,40.20,34.19,31.04,36.17,35.79
2026-08-05 20:11:37,50.34,40.47,41.10,40.30,40.21,34.22,31.06,36.19,35.78
2026-08-05 20:11:38,50.36,40.49,41.11,40.31,40.19,34.22,31.15,36.18,35.76
2026-08-05 20:11:39,50.37,40.48,41.13,40.30,40.22,34.24,31.16,36.18,35.78
2026-08-05 20:11:40,50.36,40.49,41.15,40.31,40.23,34.27,31.12,36.23,35.82
2026-08-05 20:11:41,50.38,40.51,41.12,40.31,40.22,34.26,31.15,36.13,35.84
2026-08-05 20:11:42,50.39,40.51,41.14,40.29,40.23,34.27,31.06,36.23,35.81
2026-08-05 20:11:43,50.40,40.50,41.14,40.31,40.23,34.27,31.06,36.20,35.80
2026-08-05 20:11:44,50.42,40.50,41.15,40.30,40.26,34.28,31.04,36.28,35.84
2026-08-05 20:11:45,50.42,40.51,41.11,40.32,40.24,34.28,30.95,36.19,35.83
2026-08-05 20:11:46,50.44,40.52,41.13,40.34,40.26,34.26,31.04,36.20,35.87
2026-08-05 20:11:47,50.44,40.53,41.09,40.34,40.25,34.27,31.06,36.24,35.85
2026-08-05 20:11:48,50.46,40.54,41.12,40.34,40.27,34.30,31.04,36.24,35.82
2026-08-05 20:11:49,50.46,40.55,41.14,40.33,40.26,34.27,30.93,36.25,35.80
2026-08-05 20:11:50,50.47,40.54,41.13,40.34,40.28,34.28,30.89,36.26,35.83
2026-08-05 20:11:51,50.48,40.54,41.12,40.35,40.28,34.27,30.91,36.27,35.84
2026-08-05 20:11:52,50.49,40.54,41.11,40.37,40.29,34.27,30.91,36.27,35.87
2026-08-05 20:11:53,50.48,40.56,41.12,40.35,40.26,34.27,30.85,36.23,35.76
2026-08-05 20:11:54,50.48,40.55,41.12,40.38,40.27,34.29,30.86,36.19,35.78
2026-08-05 20:11:55,50.49,40.53,41.12,40.39,40.29,34.30,30.86,36.22,35.80
2026-08-05 20:11:56,50.50,40.54,41.10,40.39,40.26,34.27,30.87,36.28,35.72
2026-08-05 20:11:57,50.50,40.55,41.13,40.40,40.28,34.27,30.82,36.24,35.78
2026-08-05 20:11:58,50.50,40.55,41.14,40.39,40.28,34.29,30.79,36.27,35.78
2026-08-05 20:11:59,50.50,40.55,41.12,40.41,40.29,34.29,30.82,36.33,35.75
2026-08-05 20:12:00,50.50,40.55,41.12,40.40,40.29,34.30,30.74,36.25,35.74
2026-08-05 20:12:01,50.50,40.55,41.14,40.40,40.26,34.27,30.72,36.26,35.75
2026-08-05 20:12:02,50.49,40.53,41.18,40.42,40.28,34.26,30.72,36.25,35.73
2026-08-05 20:12:03,50.49,40.52,41.15,40.39,40.26,34.23,30.77,36.23,35.72
2026-08-05 20:12:04,50.48,40.54,41.13,40.44,40.29,34.26,30.77,36.27,35.71
2026-08-05 20:12:05,50.49,40.53,41.15,40.43,40.28,34.26,30.86,36.28,35.71
2026-08-05 20:12:06,50.49,40.52,41.17,40.43,40.27,34.23,30.85,36.26,35.68
2026-08-05 20:12:07,50.51,40.54,41.20,40.47,40.24,34.24,30.94,36.27,35.73
2026-08-05 20:12:08,50.51,40.53,41.20,40.43,40.30,34.26,30.93,36.30,35.80
2026-08-05 20:12:09,50.52,40.54,41.19,40.43,40.27,34.27,30.93,36.28,35.79
2026-08-05 20:12:10,50.52,40.54,41.20,40.42,40.28,34.30,30.89,36.25,35.78
2026-08-05 20:12:11,50.55,40.55,41.20,40.44,40.29,34.30,30.91,36.29,35.80
2026-08-05 20:12:12,50.55,40.55,41.20,40.44,40.27,34.35,30.95,36.30,35.78
2026-08-05 20:12:13,50.56,40.54,41.20,40.43,40.28,34.30,30.85,36.34,35.82
2026-08-05 20:12:14,50.56,40.56,41.20,40.44,40.31,34.31,30.85,36.34,35.80
2026-08-05 20:12:15,50.57,40.56,41.18,40.46,40.32,34.35,30.82,36.27,35.81
2026-08-05 20:12:16,50.58,40.57,41.21,40.43,40.32,34.37,30.83,36.27,35.80
2026-08-05 20:12:17,50.59,40.58,41.25,40.45,40.31,34.36,30.78,36.22,35.81
2026-08-05 20:12:18,50.61,40.58,41.21,40.44,40.32,34.35,30.79,36.14,35.74
2026-08-05 20:12:19,50.62,40.58,41.23,40.45,40.35,34.34,30.89,36.24,35.75
2026-08-05 20:12:20,50.63,40.59,41.22,40.44,40.34,34.30,30.87,36.26,35.75
2026-08-05 20:12:21,50.64,40.59,41.24,40.45,40.36,34.33,30.85,36.23,35.78
2026-08-05 20:12:22,50.64,40.61,41.23,40.41,40.37,34.29,30.94,36.27,35.78
2026-08-05 20:12:23,50.65,40.61,41.24,40.45,40.36,34.33,30.89,36.25,35.74
2026-08-05 20:12:24,50.66,40.60,41.23,40.44,40.36,34.29,30.90,36.24,35.79
2026-08-05 20:12:25,50.66,40.60,41.26,40.46,40.34,34.30,30.93,36.22,35.76
2026-08-05 20:12:26,50.66,40.60,41.23,40.47,40.36,34.30,30.94,36.29,35.80
2026-08-05 20:12:27,50.66,40.61,41.23,40.46,40.33,34.29,30.94,36.26,35.76
2026-08-05 20:12:28,50.67,40.61,41.24,40.45,40.36,34.33,30.94,36.27,35.75
2026-08-05 20:12:29,50.68,40.62,41.23,40.48,40.37,34.30,30.87,36.26,35.75
2026-08-05 20:12:30,50.69,40.62,41.26,40.48,40.34,34.33,30.79,36.20,35.78
2026-08-05 20:12:31,50.69,40.62,41.24,40.47,40.35,34.28,30.86,36.20,35.71
2026-08-05 20:12:32,50.69,40.62,41.25,40.49,40.35,34.30,30.79,36.25,35.76
2026-08-05 20:12:33,50.70,40.64,41.25,40.48,40.38,34.30,30.83,36.25,35.75
2026-08-05 20:12:34,50.70,40.63,41.25,40.49,40.37,34.28,30.77,36.35,35.80
2026-08-05 20:12:36,50.71,40.62,41.25,40.48,40.38,34.34,30.77,36.33,35.83
2026-08-05 20:12:37,50.71,40.63,41.26,40.49,40.40,34.33,30.83,36.30,35.79
2026-08-05 20:12:38,50.72,40.64,41.26,40.50,40.39,34.34,30.82,36.31,35.78
2026-08-05 20:12:39,50.72,40.64,41.27,40.49,40.39,34.31,30.90,36.31,35.79
2026-08-05 20:12:40,50.74,40.65,41.27,40.47,40.40,34.35,30.91,36.29,35.85
2026-08-05 20:12:41,50.74,40.64,41.28,40.49,40.40,34.40,30.89,36.24,35.83
2026-08-05 20:12:42,50.75,40.65,41.28,40.51,40.40,34.35,30.89,36.30,35.85
2026-08-05 20:12:43,50.75,40.66,41.31,40.51,40.38,34.40,30.94,36.31,35.83
2026-08-05 20:12:44,50.76,40.66,41.29,40.51,40.40,34.35,30.98,36.35,35.88
2026-08-05 20:12:45,50.75,40.65,41.31,40.51,40.39,34.35,30.93,36.34,35.87
2026-08-05 20:12:46,50.76,40.65,41.28,40.52,40.38,34.42,30.86,36.26,35.85
2026-08-05 20:12:47,50.75,40.64,41.29,40.52,40.41,34.41,30.79,36.33,35.87
2026-08-05 20:12:48,50.75,40.65,41.31,40.51,40.42,34.38,30.85,36.26,35.85
2026-08-05 20:12:49,50.75,40.66,41.29,40.54,40.40,34.42,30.93,36.33,35.82
2026-08-05 20:12:50,50.76,40.66,41.30,40.55,40.39,34.43,30.96,36.33,35.85
2026-08-05 20:12:51,50.76,40.64,41.28,40.50,40.41,34.43,31.00,36.39,35.91
2026-08-05 20:12:52,50.77,40.65,41.33,40.55,40.41,34.43,30.99,36.39,35.87
2026-08-05 20:12:53,50.76,40.64,41.30,40.56,40.41,34.45,30.93,36.29,36.00
2026-08-05 20:12:54,50.77,40.65,41.28,40.59,40.40,34.43,30.90,36.27,35.85
2026-08-05 20:12:55,50.76,40.65,41.30,40.58,40.37,34.42,30.99,36.29,35.88
2026-08-05 20:12:56,50.77,40.65,41.29,40.57,40.42,34.44,30.98,36.34,35.90
2026-08-05 20:12:57,50.78,40.66,41.28,40.57,40.41,34.48,30.99,36.35,35.90
2026-08-05 20:12:58,50.79,40.67,41.27,40.56,40.42,34.48,31.11,36.37,35.89
2026-08-05 20:12:59,50.81,40.67,41.28,40.58,40.42,34.50,31.09,36.44,35.89
2026-08-05 20:13:00,50.82,40.69,41.28,40.57,40.45,34.50,31.15,36.44,35.93
2026-08-05 20:13:01,50.84,40.69,41.29,40.56,40.44,34.50,31.19,36.42,35.90
2026-08-05 20:13:02,50.86,40.70,41.29,40.57,40.43,34.50,31.20,36.53,35.95
2026-08-05 20:13:03,50.87,40.71,41.30,40.56,40.46,34.51,31.21,36.48,35.98
2026-08-05 20:13:04,50.88,40.73,41.30,40.57,40.49,34.49,31.19,36.52,35.95
2026-08-05 20:13:05,50.89,40.73,41.30,40.58,40.48,34.56,31.22,36.57,36.00
2026-08-05 20:13:06,50.89,40.73,41.29,40.56,40.47,34.62,31.26,36.56,36.10
2026-08-05 20:13:07,50.89,40.74,41.32,40.57,40.48,34.56,31.26,36.53,36.02
2026-08-05 20:13:08,50.88,40.75,41.33,40.57,40.49,34.56,31.22,36.55,36.01
2026-08-05 20:13:09,50.89,40.75,41.33,40.58,40.50,34.62,31.17,36.48,35.97
2026-08-05 20:13:10,50.88,40.73,41.33,40.57,40.50,34.55,31.24,36.48,35.99
2026-08-05 20:13:11,50.88,40.71,41.35,40.57,40.50,34.60,31.16,36.51,35.99
2026-08-05 20:13:12,50.88,40.72,41.36,40.56,40.48,34.62,31.21,36.55,35.95
2026-08-05 20:13:13,50.88,40.73,41.34,40.57,40.47,34.60,31.20,36.60,35.98
2026-08-05 20:13:14,50.90,40.72,41.36,40.64,40.48,34.67,31.30,36.58,36.08
2026-08-05 20:13:15,50.90,40.73,41.37,40.60,40.48,34.64,31.29,36.59,36.01
2026-08-05 20:13:16,50.88,40.74,41.36,40.58,40.47,34.67,31.30,36.60,36.04
2026-08-05 20:13:17,50.88,40.72,41.37,40.62,40.49,34.65,31.31,36.61,36.04
2026-08-05 20:13:18,50.89,40.71,41.36,40.61,40.46,34.70,31.29,36.60,36.01
2026-08-05 20:13:19,50.89,40.72,41.35,40.61,40.48,34.65,31.31,36.62,36.06
2026-08-05 20:13:20,50.89,40.72,41.36,40.64,40.46,34.69,31.24,36.59,36.09
2026-08-05 20:13:21,50.89,40.72,41.37,40.64,40.50,34.67,31.37,36.56,36.09
2026-08-05 20:13:23,50.92,40.71,41.35,40.65,40.50,34.67,31.29,36.59,36.11
2026-08-05 20:13:24,50.92,40.73,41.35,40.65,40.44,34.71,31.26,36.58,36.08
2026-08-05 20:13:25,50.93,40.75,41.34,40.66,40.49,34.70,31.29,36.61,36.08
2026-08-05 20:13:26,50.95,40.74,41.35,40.65,40.51,34.73,31.30,36.59,36.07
2026-08-05 20:13:27,50.97,40.76,41.35,40.66,40.54,34.71,31.28,36.61,36.10
2026-08-05 20:13:28,50.98,40.77,41.35,40.66,40.55,34.67,31.20,36.67,36.17
2026-08-05 20:13:29,51.00,40.79,41.35,40.68,40.57,34.73,31.17,36.53,36.07
2026-08-05 20:13:30,51.01,40.79,41.36,40.64,40.55,34.74,31.13,36.56,36.07
2026-08-05 20:13:31,51.01,40.79,41.36,40.65,40.53,34.69,31.16,36.55,36.08
2026-08-05 20:13:32,51.03,40.80,41.39,40.66,40.55,34.73,31.12,36.59,36.12
2026-08-05 20:13:33,51.04,40.79,41.37,40.67,40.55,34.69,31.03,36.58,36.09
2026-08-05 20:13:34,51.04,40.80,41.40,40.66,40.56,34.69,31.15,36.62,36.07
2026-08-05 20:13:35,51.04,40.80,41.40,40.65,40.54,34.66,31.07,36.64,36.10
2026-08-05 20:13:36,51.05,40.80,41.41,40.66,40.55,34.67,31.04,36.60,36.04
2026-08-05 20:13:37,51.05,40.80,41.45,40.68,40.56,34.63,31.00,36.59,36.07
2026-08-05 20:13:38,51.06,40.80,41.43,40.66,40.54,34.63,31.09,36.56,36.07
2026-08-05 20:13:39,51.06,40.80,41.42,40.66,40.55,34.63,31.06,36.61,36.08
2026-08-05 20:13:40,51.06,40.80,41.43,40.64,40.55,34.64,31.09,36.59,36.08
2026-08-05 20:13:41,51.07,40.78,41.45,40.66,40.57,34.62,31.04,36.62,36.02
2026-08-05 20:13:42,51.09,40.79,41.44,40.68,40.54,34.69,31.12,36.62,36.08
2026-08-05 20:13:43,51.09,40.79,41.46,40.66,40.55,34.73,31.19,36.67,36.06
2026-08-05 20:13:45,51.08,40.78,41.44,40.70,40.54,34.67,31.21,36.74,36.13
2026-08-05 20:13:46,51.10,40.79,41.47,40.71,40.51,34.73,31.22,36.72,36.12
2026-08-05 20:13:47,51.10,40.80,41.45,40.69,40.54,34.74,31.25,36.72,36.11
2026-08-05 20:13:49,51.12,40.78,41.44,40.75,40.53,34.73,31.24,36.69,36.11
2026-08-05 20:13:50,51.13,40.79,41.45,40.73,40.58,34.77,31.24,36.74,36.16
2026-08-05 20:13:51,51.14,40.79,41.44,40.71,40.54,34.70,31.03,36.64,36.12
2026-08-05 20:13:52,51.15,40.78,41.46,40.72,40.57,34.73,31.09,36.70,36.11
2026-08-05 20:13:53,51.16,40.79,41.45,40.72,40.55,34.75,31.17,36.74,36.10
2026-08-05 20:13:54,51.17,40.82,41.44,40.73,40.57,34.77,31.17,36.73,36.13
2026-08-05 20:13:55,51.18,40.82,41.46,40.75,40.61,34.75,31.28,36.72,36.10
2026-08-05 20:13:56,51.18,40.83,41.47,40.74,40.61,34.80,31.21,36.73,36.16
2026-08-05 20:13:57,51.19,40.84,41.44,40.69,40.59,34.77,31.28,36.82,36.14
2026-08-05 20:13:58,51.22,40.85,41.41,40.73,40.61,34.77,31.35,36.79,36.17
2026-08-05 20:13:59,51.24,40.86,41.47,40.74,40.61,34.85,31.25,36.72,36.13
2026-08-05 20:14:01,51.27,40.85,41.42,40.74,40.62,34.80,31.28,36.73,36.11
2026-08-05 20:14:02,51.28,40.86,41.49,40.74,40.61,34.81,31.26,36.74,36.18
2026-08-05 20:14:03,51.28,40.87,41.45,40.78,40.64,34.82,31.33,36.73,36.16
2026-08-05 20:14:05,51.29,40.86,41.49,40.73,40.62,34.85,31.30,36.77,36.19
2026-08-05 20:14:06,51.29,40.86,41.50,40.73,40.62,34.83,31.25,36.75,36.18
2026-08-05 20:14:07,51.29,40.87,41.49,40.75,40.63,34.82,31.35,36.79,36.18
2026-08-05 20:14:08,51.29,40.86,41.52,40.74,40.62,34.90,31.33,36.80,36.17
2026-08-05 20:14:10,51.30,40.87,41.55,40.76,40.62,34.93,31.44,36.83,36.18
2026-08-05 20:14:11,51.29,40.87,41.53,40.74,40.62,34.93,31.50,36.88,36.20
2026-08-05 20:14:12,51.30,40.85,41.59,40.77,40.62,34.95,31.50,36.89,36.23
2026-08-05 20:14:14,51.30,40.86,41.52,40.78,40.63,34.95,31.58,36.95,36.25
2026-08-05 20:14:15,51.30,40.87,41.54,40.77,40.55,34.95,31.60,36.90,36.26
2026-08-05 20:14:16,51.32,40.85,41.55,40.79,40.62,35.00,31.58,36.93,36.31
2026-08-05 20:14:18,51.32,40.85,41.57,40.82,40.60,35.02,31.58,36.94,36.31
2026-08-05 20:14:19,51.32,40.86,41.57,40.81,40.64,35.02,31.67,37.00,36.36
2026-08-05 20:14:20,51.33,40.87,41.55,40.79,40.65,35.05,31.60,36.96,36.32
2026-08-05 20:14:21,51.35,40.89,41.57,40.82,40.65,35.02,31.57,36.86,36.36
2026-08-05 20:14:23,51.38,40.87,41.52,40.80,40.64,35.03,31.51,36.90,36.34
2026-08-05 20:14:24,51.40,40.88,41.54,40.81,40.68,35.02,31.50,36.87,36.36
2026-08-05 20:14:25,51.40,40.89,41.57,40.82,40.66,35.02,31.61,36.96,36.36
2026-08-05 20:14:26,51.42,40.90,41.58,40.80,40.70,35.03,31.57,36.94,36.36
2026-08-05 20:14:28,51.43,40.94,41.56,40.85,40.69,35.01,31.55,36.89,36.34
2026-08-05 20:14:29,51.44,40.93,41.58,40.81,40.69,35.00,31.50,36.90,36.31
2026-08-05 20:14:30,51.45,40.93,41.58,40.85,40.73,35.02,31.56,36.90,36.36
2026-08-05 20:14:31,51.47,40.93,41.59,40.82,40.72,34.98,31.53,36.98,36.39
2026-08-05 20:14:33,51.47,40.95,41.61,40.84,40.71,35.00,31.62,36.96,36.41
2026-08-05 20:14:34,51.47,40.94,41.60,40.80,40.69,35.02,31.64,36.97,36.42
2026-08-05 20:14:35,51.47,40.94,41.64,40.81,40.70,35.01,31.60,36.89,36.41
2026-08-05 20:14:36,51.47,40.93,41.65,40.83,40.72,35.01,31.65,36.94,36.38
2026-08-05 20:14:38,51.46,40.95,41.64,40.81,40.71,35.09,31.64,36.97,36.40
2026-08-05 20:14:39,51.46,40.94,41.67,40.83,40.71,34.98,31.60,36.95,36.40
2026-08-05 20:14:40,51.46,40.95,41.68,40.85,40.70,35.03,31.62,37.02,36.46
2026-08-05 20:14:41,51.47,40.94,41.67,40.87,40.70,35.03,31.66,37.02,36.36
2026-08-05 20:14:43,51.47,40.94,41.72,40.86,40.73,35.04,31.69,37.06,36.44
2026-08-05 20:14:44,51.47,40.92,41.69,40.87,40.72,35.03,31.66,37.08,36.46
2026-08-05 20:14:45,51.47,40.94,41.70,40.86,40.71,35.05,31.67,37.08,36.47
2026-08-05 20:14:46,51.47,40.93,41.73,40.89,40.72,35.07,31.69,37.07,36.47
2026-08-05 20:14:48,51.48,40.94,41.72,40.86,40.71,35.09,31.70,37.09,36.50
2026-08-05 20:14:49,51.49,40.93,41.72,40.88,40.74,35.15,31.76,37.10,36.50
2026-08-05 20:14:50,51.51,40.94,41.71,40.89,40.74,35.18,31.61,36.97,36.43
2026-08-05 20:14:51,51.52,40.95,41.74,40.94,40.72,35.14,31.61,37.03,36.46
2026-08-05 20:14:53,51.53,40.96,41.70,40.90,40.75,35.11,31.69,37.02,36.47
2026-08-05 20:14:54,51.55,40.96,41.75,40.90,40.75,35.10,31.65,37.02,36.47
2026-08-05 20:14:55,51.57,40.95,41.75,40.91,40.75,35.10,31.51,37.02,36.49
2026-08-05 20:14:56,51.58,40.98,41.76,40.92,40.77,35.21,31.56,36.99,36.47
2026-08-05 20:14:58,51.60,41.00,41.77,40.94,40.77,35.12,31.50,37.02,36.49
2026-08-05 20:14:59,51.61,40.99,41.75,40.91,40.77,35.07,31.46,37.00,36.44
2026-08-05 20:15:00,51.63,41.01,41.75,40.94,40.80,35.15,31.44,37.06,36.44
2026-08-05 20:15:01,51.64,41.02,41.80,40.94,40.76,35.12,31.44,37.08,36.48
2026-08-05 20:15:03,51.65,41.01,41.74,40.94,40.77,35.14,31.50,37.12,36.43
2026-08-05 20:15:04,51.66,41.02,41.80,40.93,40.81,35.13,31.50,37.01,36.42
2026-08-05 20:15:05,51.67,41.03,41.80,40.96,40.77,35.13,31.47,37.00,36.50
2026-08-05 20:15:06,51.69,41.04,41.80,40.92,40.82,35.17,31.52,37.01,36.50
2026-08-05 20:15:08,51.69,41.04,41.83,40.96,40.82,35.15,31.46,37.02,36.47
2026-08-05 20:15:09,51.70,41.05,41.81,40.97,40.82,35.13,31.42,37.06,36.49
2026-08-05 20:15:10,51.71,41.05,41.84,40.97,40.81,35.11,31.46,37.10,36.46
2026-08-05 20:15:18,51.78,41.06,41.92,41.02,40.82,35.09,31.33,37.03,36.47
2026-08-05 20:15:19,51.78,41.05,41.92,41.03,40.84,35.10,31.37,37.01,36.44
2026-08-05 20:15:21,51.79,41.07,41.92,41.00,40.83,35.11,31.35,37.00,36.50
2026-08-05 20:15:22,51.81,41.07,41.97,41.03,40.82,35.10,31.42,37.06,36.49
2026-08-05 20:15:23,51.81,41.07,41.96,41.04,40.82,35.12,31.42,37.08,36.51
2026-08-05 20:15:24,51.82,41.08,41.96,41.04,40.84,35.25,31.33,37.11,36.54
2026-08-05 20:15:26,51.83,41.07,41.99,41.05,40.87,35.15,31.31,37.01,36.53
2026-08-05 20:15:27,51.84,41.06,42.01,41.06,40.83,35.12,31.28,37.02,36.51
2026-08-05 20:15:28,51.86,41.08,42.01,41.05,40.83,35.12,31.35,37.07,36.51
2026-08-05 20:15:29,51.87,41.07,42.03,41.07,40.83,35.21,31.33,37.08,36.55
2026-08-05 20:15:31,51.89,41.09,42.03,41.07,40.83,35.12,31.28,37.09,36.58
2026-08-05 20:15:32,51.91,41.10,42.07,41.06,40.82,35.22,31.21,37.12,36.59
2026-08-05 20:15:33,51.94,41.08,42.08,41.06,40.84,35.23,31.20,37.09,36.58
2026-08-05 20:15:34,51.98,41.10,42.10,41.11,40.87,35.25,31.28,37.11,36.60
2026-08-05 20:15:36,52.01,41.11,42.12,41.10,40.85,35.19,31.39,37.16,36.53
2026-08-05 20:15:37,52.05,41.12,42.14,41.09,40.86,35.21,31.41,37.18,36.55
2026-08-05 20:15:38,52.06,41.12,42.15,41.10,40.86,35.20,31.55,37.21,36.64
2026-08-05 20:15:39,52.10,41.14,42.17,41.12,40.87,35.23,31.57,37.24,36.60
2026-08-05 20:15:41,52.12,41.15,42.19,41.10,40.87,35.36,31.60,37.22,36.63
2026-08-05 20:15:42,52.14,41.15,42.19,41.12,40.89,35.34,31.48,37.25,36.68
2026-08-05 20:15:43,52.17,41.16,42.24,41.08,40.89,35.34,31.44,37.20,36.69
2026-08-05 20:15:45,52.20,41.16,42.21,41.13,40.91,35.34,31.48,37.27,36.70
2026-08-05 20:15:46,52.21,41.18,42.22,41.14,40.90,35.34,31.42,37.28,36.65
2026-08-05 20:15:47,52.25,41.19,42.21,41.13,40.89,35.37,31.33,37.25,36.70
2026-08-05 20:15:48,52.27,41.19,42.25,41.13,40.93,35.36,31.37,37.23,36.69
2026-08-05 20:15:50,52.29,41.20,42.29,41.15,40.91,35.35,31.38,37.23,36.69
2026-08-05 20:15:51,52.31,41.21,42.29,41.15,40.93,35.36,31.41,37.30,36.70
2026-08-05 20:15:52,52.33,41.22,42.30,41.19,40.93,35.37,31.51,37.32,36.74
2026-08-05 20:15:54,52.37,41.22,42.36,41.19,40.95,35.35,31.50,37.32,36.74
2026-08-05 20:15:55,52.38,41.24,42.37,41.19,40.94,35.38,31.56,37.30,36.80
2026-08-05 20:15:56,52.41,41.23,42.36,41.19,40.97,35.40,31.55,37.28,36.80
2026-08-05 20:15:57,52.44,41.25,42.36,41.22,40.96,35.40,31.60,37.37,36.79
2026-08-05 20:15:59,52.46,41.25,42.39,41.23,40.95,35.36,31.53,37.39,36.80
2026-08-05 20:16:00,52.49,41.26,42.41,41.21,40.96,35.36,31.47,37.39,36.80
2026-08-05 20:16:01,52.51,41.27,42.41,41.25,40.94,35.32,31.46,37.44,36.82
2026-08-05 20:16:03,52.54,41.27,42.41,41.25,40.94,35.37,31.44,37.41,36.80
2026-08-05 20:16:04,52.57,41.28,42.44,41.26,40.98,35.37,31.34,37.28,36.73
2026-08-05 20:16:05,52.59,41.29,42.43,41.28,40.96,35.36,31.44,37.42,36.79
2026-08-05 20:16:06,52.63,41.30,42.44,41.30,40.97,35.41,31.47,37.44,36.83
2026-08-05 20:16:08,52.64,41.30,42.46,41.30,41.02,35.41,31.53,37.46,36.83
2026-08-05 20:16:09,52.67,41.32,42.48,41.31,40.99,35.38,31.58,37.42,36.83
2026-08-05 20:16:10,52.71,41.33,42.50,41.32,41.00,35.38,31.55,37.45,36.80
2026-08-05 20:16:11,52.74,41.33,42.51,41.31,41.03,35.37,31.64,37.48,36.87
2026-08-05 20:16:13,52.76,41.34,42.50,41.33,41.02,35.43,31.58,37.48,36.87
2026-08-05 20:16:14,52.80,41.36,42.54,41.35,41.03,35.45,31.61,37.52,36.87
2026-08-05 20:16:15,52.81,41.39,42.55,41.36,41.03,35.40,31.62,37.53,36.91
2026-08-05 20:16:16,52.83,41.39,42.58,41.38,41.05,35.46,31.70,37.58,36.91
2026-08-05 20:16:18,52.87,41.40,42.59,41.37,41.09,35.51,31.71,37.61,36.95
2026-08-05 20:16:19,52.90,41.41,42.60,41.39,41.08,35.45,31.74,37.57,36.98
2026-08-05 20:16:20,52.93,41.43,42.62,41.38,41.06,35.48,31.66,37.55,36.95
2026-08-05 20:16:21,52.94,41.45,42.64,41.41,41.09,35.51,31.65,37.64,36.98
2026-08-05 20:16:23,52.97,41.46,42.67,41.39,41.11,35.53,31.74,37.65,36.99
2026-08-05 20:16:24,52.99,41.46,42.67,41.40,41.15,35.56,31.73,37.57,36.98
2026-08-05 20:16:25,53.01,41.46,42.69,41.40,41.17,35.56,31.65,37.60,37.06
2026-08-05 20:16:27,53.01,41.48,42.69,41.42,41.17,35.59,31.65,37.61,37.00
2026-08-05 20:16:28,53.04,41.49,42.75,41.38,41.14,35.59,31.62,37.64,37.02
2026-08-05 20:16:29,53.05,41.51,42.80,41.45,41.17,35.61,31.60,37.70,37.02
2026-08-05 20:16:30,53.07,41.52,42.86,41.45,41.18,35.56,31.71,37.72,37.00
2026-08-05 20:16:32,53.10,41.52,42.89,41.46,41.19,35.58,31.73,37.75,37.06
2026-08-05 20:16:33,53.11,41.54,42.91,41.48,41.18,35.72,31.70,37.68,37.06
2026-08-05 20:16:34,53.13,41.54,42.88,41.50,41.23,35.68,31.62,37.65,37.06
2026-08-05 20:16:35,53.14,41.55,42.88,41.50,41.23,35.63,31.67,37.74,37.08
2026-08-05 20:16:37,53.17,41.54,42.86,41.53,41.20,35.64,31.71,37.80,37.09
2026-08-05 20:16:38,53.19,41.55,42.88,41.50,41.26,35.71,31.81,37.78,37.09
2026-08-05 20:16:39,53.22,41.56,42.89,41.54,41.24,35.71,31.80,37.82,37.10
2026-08-05 20:16:40,53.24,41.58,42.92,41.56,41.25,35.72,31.75,37.70,37.08
2026-08-05 20:16:42,53.26,41.58,42.94,41.58,41.27,35.71,31.67,37.74,37.11
2026-08-05 20:16:43,53.30,41.59,42.98,41.59,41.28,35.70,31.67,37.77,37.12
2026-08-05 20:16:44,53.32,41.61,43.02,41.58,41.28,35.71,31.61,37.81,37.12
2026-08-05 20:16:45,53.35,41.62,43.04,41.61,41.32,35.71,31.73,37.83,37.12
2026-08-05 20:16:47,53.38,41.64,43.09,41.62,41.31,35.76,31.70,37.80,37.13
2026-08-05 20:16:48,53.42,41.64,43.10,41.63,41.32,35.74,31.73,37.84,37.15
2026-08-05 20:16:49,53.45,41.66,43.13,41.65,41.37,35.77,31.69,37.80,37.11
2026-08-05 20:16:50,53.49,41.69,43.10,41.63,41.37,35.75,31.69,37.77,37.15
2026-08-05 20:16:52,53.52,41.71,43.11,41.67,41.41,35.81,31.67,37.86,37.18
2026-08-05 20:16:53,53.58,41.73,43.11,41.68,41.40,35.84,31.66,37.89,37.18
2026-08-05 20:16:54,53.61,41.75,43.14,41.70,41.44,35.78,31.65,37.81,37.19
2026-08-05 20:16:55,53.64,41.75,43.16,41.71,41.45,35.80,31.71,37.84,37.21
2026-08-05 20:16:57,53.69,41.79,43.19,41.72,41.47,35.81,31.76,37.91,37.25
2026-08-05 20:16:58,53.74,41.79,43.25,41.76,41.49,35.81,31.75,37.93,37.23
2026-08-05 20:16:59,53.78,41.81,43.33,41.76,41.54,35.85,31.74,37.92,37.28
2026-08-05 20:17:00,53.83,41.83,43.44,41.82,41.54,35.89,31.70,37.99,37.33
2026-08-05 20:17:02,53.88,41.86,43.84,41.85,41.58,35.89,31.65,37.85,37.28
2026-08-05 20:17:03,53.92,41.89,44.09,41.88,41.56,35.84,31.64,37.92,37.28
2026-08-05 20:17:04,53.97,41.90,44.23,41.89,41.61,35.89,31.62,37.95,37.35
2026-08-05 20:17:06,54.01,41.93,44.40,41.92,41.65,35.85,31.56,37.98,37.37
2026-08-05 20:17:07,54.05,41.94,44.58,41.97,41.67,35.92,31.57,37.99,37.34
2026-08-05 20:17:08,54.10,41.97,44.78,41.99,41.67,35.89,31.55,37.94,37.33
2026-08-05 20:17:09,54.14,41.98,44.93,42.03,41.74,35.94,31.55,37.94,37.37
2026-08-05 20:17:11,54.20,41.99,45.08,42.06,41.73,35.97,31.55,37.98,37.38
2026-08-05 20:17:12,54.24,42.02,45.22,42.10,41.78,35.96,31.67,38.01,37.39
2026-08-05 20:17:13,54.28,42.05,45.33,42.11,41.80,35.96,31.66,38.01,37.39
2026-08-05 20:17:14,54.32,42.07,45.43,42.16,41.86,35.98,31.62,38.02,37.41
2026-08-05 20:17:16,54.38,42.09,45.50,42.23,41.89,35.97,31.73,37.99,37.40
2026-08-05 20:17:17,54.43,42.12,45.62,42.29,41.88,35.97,31.69,38.00,37.46
2026-08-05 20:17:18,54.48,42.15,45.68,42.32,41.95,35.91,31.71,38.04,37.43
2026-08-05 20:17:19,54.51,42.17,45.74,42.37,41.99,36.02,31.76,38.12,37.47
2026-08-05 20:17:21,54.58,42.19,45.86,42.45,42.06,36.04,31.85,38.16,37.49
2026-08-05 20:17:22,54.65,42.21,45.92,42.51,42.11,36.03,31.78,38.18,37.52
2026-08-05 20:17:23,54.70,42.23,46.01,42.60,42.13,36.07,31.88,38.12,37.57
2026-08-05 20:17:24,54.73,42.26,46.09,42.69,42.17,36.06,31.79,38.16,37.52
2026-08-05 20:17:26,54.80,42.28,46.19,43.21,42.24,36.07,31.83,38.21,37.56
2026-08-05 20:17:27,54.86,42.30,46.24,43.81,42.29,36.12,31.90,38.26,37.58
2026-08-05 20:17:28,54.92,42.35,46.29,44.17,42.39,36.18,31.94,38.34,37.64
2026-08-05 20:17:29,54.98,42.38,46.37,44.51,42.44,36.14,31.89,38.25,37.62
2026-08-05 20:17:31,55.04,42.41,46.42,44.71,42.56,36.17,31.71,38.28,37.63
2026-08-05 20:17:32,55.11,42.44,46.38,44.89,42.79,36.21,31.78,38.31,37.72
2026-08-05 20:17:33,55.17,42.50,46.47,45.06,43.09,36.19,31.79,38.41,37.73
2026-08-05 20:17:34,55.23,42.55,46.52,45.21,43.38,36.23,31.84,38.48,37.73
2026-08-05 20:17:36,55.30,42.60,46.63,45.33,43.66,36.29,31.84,38.48,37.74
2026-08-05 20:17:37,55.36,42.65,46.71,45.46,43.87,36.30,31.78,38.42,37.77
2026-08-05 20:17:38,55.45,42.67,46.77,45.58,44.10,36.28,31.73,38.40,37.82
2026-08-05 20:17:39,55.53,42.73,46.83,45.70,44.25,36.34,31.73,38.53,37.79
2026-08-05 20:17:41,55.62,42.80,46.91,45.83,44.42,36.36,31.58,38.58,37.85
2026-08-05 20:17:42,55.71,42.85,46.97,45.89,44.51,36.34,31.62,38.60,37.83
2026-08-05 20:17:43,55.81,42.91,47.09,45.98,44.65,36.40,31.65,38.62,37.91
2026-08-05 20:17:48,56.15,43.13,47.31,46.30,45.00,36.43,31.71,38.56,37.91
2026-08-05 20:17:51,56.42,43.34,47.53,46.55,45.27,36.46,31.64,38.73,38.02
2026-08-05 20:17:52,56.49,43.43,47.62,46.60,45.32,36.45,31.66,38.79,38.03
2026-08-05 20:17:53,56.55,43.47,47.67,46.66,45.38,36.49,31.73,38.77,38.09
2026-08-05 20:17:54,56.65,43.66,47.74,46.74,45.49,36.50,31.76,38.85,38.09
2026-08-05 20:17:55,56.73,44.07,47.81,46.83,45.55,36.49,31.73,38.88,38.09
2026-08-05 20:17:56,56.80,44.56,47.87,46.87,45.62,36.50,31.88,38.87,38.09
2026-08-05 20:17:57,56.88,44.98,47.91,46.95,45.69,36.57,31.81,38.92,38.11
2026-08-05 20:17:58,56.95,45.31,48.00,47.04,45.73,36.57,31.78,38.94,38.21
2026-08-05 20:17:59,57.02,45.58,48.08,47.09,45.82,36.58,31.73,38.91,38.23
2026-08-05 20:18:00,57.09,45.80,48.12,47.15,45.85,36.59,31.70,38.94,38.20
2026-08-05 20:18:02,57.18,46.01,48.22,47.24,45.92,36.64,31.75,39.04,38.23
2026-08-05 20:18:03,57.28,46.18,48.29,47.33,46.02,36.60,31.76,39.08,38.30
2026-08-05 20:18:04,57.37,46.33,48.42,47.39,46.10,36.61,31.81,39.13,38.35
2026-08-05 20:18:06,57.48,46.53,48.49,47.53,46.19,36.65,31.99,39.24,38.40
2026-08-05 20:18:07,57.58,46.66,48.60,47.60,46.26,36.68,32.10,39.20,38.47
2026-08-05 20:18:08,57.68,46.84,48.69,47.71,46.39,36.66,32.17,39.31,38.49
2026-08-05 20:18:10,57.78,46.95,48.78,47.82,46.45,36.70,32.29,39.31,38.55
2026-08-05 20:18:11,57.89,47.05,48.88,47.91,46.55,36.75,32.37,39.38,38.59
2026-08-05 20:18:12,57.98,47.18,48.96,47.97,46.63,36.78,32.29,39.41,38.61
2026-08-05 20:18:13,58.05,47.29,49.05,48.06,46.71,36.75,32.28,39.46,38.71
2026-08-05 20:18:15,58.16,47.38,49.15,48.13,46.78,36.78,32.42,39.53,38.71
2026-08-05 20:18:16,58.25,47.50,49.26,48.25,46.85,36.83,32.41,39.56,38.72
2026-08-05 20:18:17,58.33,47.60,49.33,48.34,46.94,36.87,32.36,39.60,38.80
2026-08-05 20:18:18,58.42,47.70,49.42,48.43,47.00,36.87,32.36,39.55,38.79
2026-08-05 20:18:20,58.51,47.79,49.52,48.52,47.10,36.88,32.38,39.59,38.85
2026-08-05 20:18:21,58.60,47.89,49.62,48.61,47.17,36.95,32.48,39.69,38.92
2026-08-05 20:18:22,58.69,48.01,49.71,48.68,47.27,36.97,32.50,39.74,38.97
2026-08-05 20:18:23,58.79,48.08,49.80,48.79,47.37,37.01,32.55,39.76,39.02
2026-08-05 20:18:25,58.89,48.19,49.88,48.87,47.43,37.04,32.47,39.84,39.06
2026-08-05 20:18:26,58.98,48.32,49.97,48.98,47.56,37.05,32.47,39.87,39.07
2026-08-05 20:18:27,59.08,48.40,50.06,49.06,47.62,37.09,32.54,39.94,39.11
2026-08-05 20:18:28,59.18,48.51,50.15,49.12,47.72,37.16,32.58,39.91,39.17
2026-08-05 20:18:30,59.28,48.59,50.25,49.23,47.84,37.23,32.58,39.97,39.19
2026-08-05 20:18:31,59.37,48.70,50.34,49.31,47.91,37.19,32.44,40.02,39.26
2026-08-05 20:18:32,59.46,48.79,50.42,49.42,47.98,37.20,32.37,40.05,39.23
2026-08-05 20:18:33,59.57,48.87,50.52,49.47,48.06,37.22,32.36,40.14,39.31
2026-08-05 20:18:35,59.66,48.97,50.61,49.58,48.17,37.31,32.42,40.18,39.35
2026-08-05 20:18:36,59.76,49.05,50.71,49.67,48.23,37.31,32.44,40.20,39.33
2026-08-05 20:18:37,59.85,49.15,50.78,49.76,48.33,37.36,32.37,40.19,39.36
2026-08-05 20:18:38,59.96,49.23,50.89,49.88,48.42,37.36,32.47,40.23,39.44
2026-08-05 20:18:40,60.04,49.34,50.95,49.95,48.50,37.37,32.58,40.31,39.47
2026-08-05 20:18:41,60.13,49.43,51.06,50.04,48.60,37.42,32.60,40.40,39.52
2026-08-05 20:18:42,60.22,49.52,51.18,50.12,48.70,37.46,32.71,40.43,39.55
2026-08-05 20:18:43,60.33,49.62,51.29,50.23,48.79,37.48,32.67,40.38,39.59
2026-08-05 20:18:45,60.42,49.71,51.37,50.31,48.89,37.56,32.73,40.45,39.66
2026-08-05 20:18:46,60.52,49.78,51.45,50.41,48.96,37.56,32.73,40.60,39.67
2026-08-05 20:18:47,60.62,49.87,51.54,50.49,49.01,37.59,32.73,40.57,39.67
2026-08-05 20:18:48,60.71,49.98,51.65,50.61,49.11,37.62,32.74,40.60,39.74
2026-08-05 20:18:50,60.81,50.07,51.74,50.66,49.21,37.65,32.81,40.55,39.74
2026-08-05 20:18:51,60.90,50.16,51.80,50.77,49.31,37.68,32.70,40.56,39.78
2026-08-05 20:18:52,61.02,50.25,51.88,50.85,49.39,37.65,32.81,40.56,39.81
2026-08-05 20:18:53,61.11,50.35,51.97,50.96,49.49,37.68,32.86,40.69,39.88
2026-08-05 20:18:55,61.21,50.45,52.04,51.04,49.59,37.67,32.89,40.81,39.92
2026-08-05 20:18:56,61.31,50.55,52.15,51.11,49.67,37.72,32.96,40.88,39.95
2026-08-05 20:18:57,61.42,50.63,52.25,51.23,49.78,37.77,33.03,40.85,39.99
2026-08-05 20:18:58,61.52,50.73,52.34,51.31,49.86,37.78,33.02,40.78,40.02
2026-08-05 20:19:00,61.61,50.82,52.42,51.39,49.93,37.78,33.02,40.89,40.06
2026-08-05 20:19:01,61.70,50.91,52.53,51.46,50.04,37.82,33.07,41.01,40.09
2026-08-05 20:19:02,61.80,50.99,52.63,51.62,50.11,37.87,33.09,41.08,40.16
2026-08-05 20:19:04,61.88,51.08,52.71,51.69,50.20,37.92,33.02,41.13,40.16
2026-08-05 20:19:05,61.97,51.17,52.82,51.77,50.27,37.94,33.13,41.21,40.21
2026-08-05 20:19:06,62.06,51.28,52.92,51.89,50.37,37.97,33.11,41.04,40.21
2026-08-05 20:19:07,62.15,51.36,53.01,51.97,50.43,38.03,33.08,41.13,40.30
2026-08-05 20:19:09,62.24,51.44,53.10,52.05,50.53,37.99,33.09,41.19,40.29
2026-08-05 20:19:10,62.33,51.53,53.19,52.15,50.64,38.00,33.07,41.24,40.35
2026-08-05 20:19:11,62.43,51.61,53.28,52.24,50.72,38.08,33.11,41.29,40.38
2026-08-05 20:19:12,62.50,51.68,53.35,52.35,50.77,38.15,33.09,41.28,40.42
2026-08-05 20:19:14,62.59,51.78,53.44,52.43,50.85,38.13,33.06,41.31,40.45
2026-08-05 20:19:15,62.70,51.84,53.54,52.52,50.94,38.16,33.12,41.38,40.49
2026-08-05 20:19:16,62.79,51.93,53.61,52.60,51.03,38.16,33.14,41.39,40.51
2026-08-05 20:19:17,62.88,52.03,53.69,52.69,51.10,38.19,33.19,41.54,40.59
2026-08-05 20:19:19,62.97,52.13,53.78,52.79,51.20,38.22,33.18,41.56,40.56
2026-08-05 20:19:20,63.08,52.22,53.86,52.86,51.29,38.30,33.16,41.59,40.59
2026-08-05 20:19:21,63.18,52.31,53.96,52.99,51.39,38.28,33.28,41.70,40.65
2026-08-05 20:19:22,63.27,52.39,54.04,53.08,51.55,38.34,33.35,41.72,40.70
2026-08-05 20:19:24,63.38,52.48,54.12,53.15,51.58,38.34,33.39,41.78,40.70
2026-08-05 20:19:25,63.48,52.57,54.21,53.25,51.67,38.37,33.24,41.79,40.79
2026-08-05 20:19:26,63.59,52.68,54.31,53.37,51.77,38.41,33.16,41.74,40.85
2026-08-05 20:19:28,63.70,52.76,54.41,53.48,51.85,38.48,33.12,41.74,40.84
2026-08-05 20:19:29,63.79,52.83,54.51,53.55,51.96,38.48,33.28,41.91,40.87
2026-08-05 20:19:30,63.88,52.94,54.58,53.66,52.04,38.49,33.27,42.03,40.93
2026-08-05 20:19:31,63.96,53.02,54.68,53.75,52.12,38.53,33.36,41.98,40.96
2026-08-05 20:19:33,64.07,53.12,54.77,53.82,52.22,38.54,33.37,42.10,41.01
2026-08-05 20:19:34,64.16,53.19,54.86,53.92,52.29,38.67,33.48,42.14,41.02
2026-08-05 20:19:35,64.24,53.28,54.95,54.00,52.37,38.68,33.35,41.91,41.00
2026-08-05 20:19:36,64.33,53.35,55.04,54.11,52.46,38.67,33.29,41.99,41.07
2026-08-05 20:19:38,64.42,53.43,55.13,54.19,52.53,38.69,33.34,42.14,41.10
2026-08-05 20:19:39,64.52,53.53,55.21,54.28,52.63,38.72,33.20,42.27,41.19
2026-08-05 20:19:40,64.60,53.61,55.31,54.37,52.70,38.74,33.14,42.23,41.19
2026-08-05 20:19:42,64.69,53.68,55.38,54.44,52.75,38.80,33.13,42.19,41.22
2026-08-05 20:19:43,64.78,53.75,55.48,54.55,52.85,38.80,33.13,42.12,41.26
2026-08-05 20:19:44,64.87,53.83,55.56,54.63,52.92,38.85,33.09,42.31,41.33
2026-08-05 20:19:45,64.96,53.90,55.63,54.70,53.01,38.86,33.07,42.42,41.29
2026-08-05 20:19:47,65.05,53.98,55.73,54.79,53.07,38.87,33.22,42.45,41.35
2026-08-05 20:19:48,65.14,54.06,55.82,54.89,53.19,38.91,33.24,42.62,41.40
2026-08-05 20:19:49,65.24,54.17,55.93,55.00,53.28,38.93,33.27,42.55,41.42
2026-08-05 20:19:50,65.34,54.25,55.99,55.07,53.37,38.98,33.40,42.66,41.50
2026-08-05 20:19:52,65.43,54.34,56.10,55.21,53.45,39.01,33.46,42.71,41.57
2026-08-05 20:19:53,65.52,54.44,56.17,55.25,53.53,39.03,33.53,42.79,41.60
2026-08-05 20:19:54,65.61,54.53,56.26,55.34,53.61,39.12,33.45,42.81,41.60
2026-08-05 20:19:55,65.71,54.62,56.37,55.43,53.68,39.09,33.35,42.80,41.62
2026-08-05 20:19:57,65.80,54.70,56.46,55.52,53.78,39.16,33.41,42.81,41.66
2026-08-05 20:19:58,65.89,54.78,56.53,55.62,53.88,39.20,33.37,42.84,41.70
2026-08-05 20:19:59,65.97,54.87,56.59,55.69,53.92,39.21,33.46,42.95,41.79
2026-08-05 20:20:00,66.08,54.94,56.69,55.78,54.03,39.25,33.48,43.06,41.80
2026-08-05 20:20:02,66.17,55.05,56.81,55.88,54.11,39.29,33.47,43.12,41.86
2026-08-05 20:20:03,66.26,55.14,56.85,55.97,54.22,39.30,33.58,43.17,41.93
2026-08-05 20:20:04,66.36,55.21,56.96,56.04,54.28,39.39,33.60,43.09,41.94
2026-08-05 20:20:05,66.44,55.30,57.06,56.13,54.37,39.43,33.46,43.17,41.98
2026-08-05 20:20:07,66.54,55.39,57.15,56.23,54.44,39.40,33.46,43.24,42.04
2026-08-05 20:20:08,66.62,55.47,57.22,56.29,54.50,39.45,33.66,43.37,42.08
2026-08-05 20:20:09,66.72,55.55,57.31,56.39,54.59,39.49,33.70,43.34,42.16
2026-08-05 20:20:10,66.81,55.64,57.39,56.48,54.69,39.51,33.70,43.26,42.19
2026-08-05 20:20:12,66.89,55.73,57.48,56.58,54.77,39.56,33.73,43.34,42.22
2026-08-05 20:20:13,66.97,55.80,57.56,56.68,54.83,39.61,33.63,43.38,42.21
2026-08-05 20:20:14,67.06,55.86,57.66,56.77,54.91,39.62,33.61,43.43,42.31
2026-08-05 20:20:15,67.14,55.97,57.75,56.83,54.98,39.65,33.61,43.55,42.36
2026-08-05 20:20:17,67.22,56.05,57.83,56.93,55.07,39.71,33.76,43.67,42.35
2026-08-05 20:20:18,67.33,56.13,57.92,57.00,55.15,39.73,33.91,43.71,42.41
2026-08-05 20:20:19,67.41,56.20,58.01,57.10,55.23,39.77,34.03,43.75,42.50
2026-08-05 20:20:21,67.49,56.29,58.11,57.19,55.32,39.81,34.06,43.77,42.51
2026-08-05 20:20:22,67.58,56.38,58.17,57.26,55.42,39.83,34.07,43.83,42.58
2026-08-05 20:20:23,67.69,56.45,58.29,57.34,55.52,39.87,34.00,43.87,42.57
2026-08-05 20:20:24,67.78,56.54,58.37,57.43,55.58,39.92,33.84,43.88,42.65
2026-08-05 20:20:26,67.87,56.62,58.45,57.52,55.64,39.96,33.90,43.82,42.65
2026-08-05 20:20:27,67.96,56.71,58.55,57.59,55.74,40.01,34.03,43.97,42.77
2026-08-05 20:20:28,68.05,56.80,58.63,57.69,55.84,40.08,34.20,44.01,42.81
2026-08-05 20:20:29,68.15,56.90,58.72,57.77,55.93,40.08,34.07,44.06,42.92
2026-08-05 20:20:31,68.24,56.98,58.79,57.85,55.99,40.17,34.03,44.13,42.88
2026-08-05 20:20:32,68.35,57.07,58.89,57.91,56.08,40.14,34.10,44.14,42.88
2026-08-05 20:20:33,68.43,57.14,58.97,58.01,56.16,40.23,34.22,44.10,42.93
2026-08-05 20:20:34,68.52,57.23,59.04,58.09,56.26,40.25,34.28,44.15,43.03
2026-08-05 20:20:36,68.62,57.32,59.12,58.18,56.34,40.25,34.30,44.18,43.03
2026-08-05 20:20:37,68.71,57.41,59.20,58.26,56.45,40.27,34.38,44.32,43.10
2026-08-05 20:20:38,68.81,57.49,59.29,58.35,56.52,40.35,34.40,44.42,43.17
2026-08-05 20:20:39,68.90,57.59,59.38,58.45,56.62,40.38,34.51,44.47,43.24
2026-08-05 20:20:41,68.98,57.67,59.44,58.52,56.69,40.43,34.48,44.38,43.25
2026-08-05 20:20:42,69.07,57.74,59.55,58.62,56.79,40.51,34.43,44.38,43.27
2026-08-05 20:20:43,69.15,57.83,59.63,58.71,56.87,40.57,34.51,44.39,43.34
2026-08-05 20:20:44,69.23,57.90,59.70,58.78,56.95,40.59,34.56,44.52,43.36
2026-08-05 20:20:46,69.30,57.99,59.79,58.86,57.02,40.64,34.56,44.59,43.38
2026-08-05 20:20:47,69.39,58.07,59.89,58.96,57.10,40.67,34.63,44.71,43.46
2026-08-05 20:20:48,69.48,58.18,59.96,59.05,57.21,40.73,34.74,44.73,43.55
2026-08-05 20:20:49,69.55,58.24,60.06,59.12,57.28,40.75,34.73,44.75,43.58
2026-08-05 20:20:51,69.65,58.32,60.13,59.19,57.33,40.84,34.73,44.81,43.64
2026-08-05 20:20:52,69.73,58.38,60.22,59.29,57.43,40.90,34.62,44.85,43.69
2026-08-05 20:20:53,69.81,58.47,60.32,59.38,57.48,40.93,34.54,44.97,43.70
2026-08-05 20:20:54,69.89,58.54,60.38,59.46,57.55,40.98,34.50,44.92,43.66
2026-08-05 20:20:56,69.99,58.61,60.48,59.52,57.62,41.02,34.35,44.87,43.71
2026-08-05 20:20:57,70.07,58.70,60.57,59.62,57.70,41.03,34.49,44.80,43.69
2026-08-05 20:20:58,70.16,58.77,60.66,59.70,57.79,41.03,34.55,44.92,43.79
2026-08-05 20:20:59,70.23,58.83,60.72,59.77,57.88,41.06,34.72,44.94,43.85
2026-08-05 20:21:01,70.34,58.93,60.81,59.87,57.97,41.10,34.80,45.03,43.90
2026-08-05 20:21:02,70.42,59.02,60.89,59.94,58.05,41.19,34.92,45.16,43.97
2026-08-05 20:21:03,70.51,59.10,60.97,60.03,58.13,41.29,34.98,45.26,44.01
2026-08-05 20:21:05,70.61,59.17,61.04,60.11,58.22,41.31,35.02,45.17,44.00
2026-08-05 20:21:06,70.69,59.25,61.14,60.19,58.32,41.36,35.10,45.25,44.08
2026-08-05 20:21:07,70.78,59.34,61.23,60.28,58.41,41.45,35.14,45.40,44.18
2026-08-05 20:21:08,70.86,59.42,61.32,60.35,58.46,41.49,35.03,45.38,44.16
2026-08-05 20:21:10,70.97,59.49,61.38,60.45,58.53,41.55,35.12,45.24,44.13
2026-08-05 20:21:11,71.05,59.55,61.47,60.50,58.63,41.58,35.17,45.35,44.17
2026-08-05 20:21:12,71.13,59.62,61.56,60.60,58.69,41.61,35.01,45.41,44.16
2026-08-05 20:21:13,71.21,59.69,61.63,60.69,58.76,41.69,35.00,45.56,44.26
2026-08-05 20:21:15,71.32,59.77,61.72,60.78,58.83,41.79,35.02,45.71,44.30
2026-08-05 20:21:16,71.42,59.86,61.81,60.85,58.94,41.90,35.09,45.80,44.41
2026-08-05 20:21:17,71.50,59.93,61.89,60.94,59.00,41.98,34.94,45.67,44.36
2026-08-05 20:21:25,72.09,60.36,62.38,61.44,59.48,42.23,34.86,45.76,44.57
2026-08-05 20:21:26,72.17,60.43,62.46,61.55,59.58,42.25,34.87,45.88,44.66
2026-08-05 20:21:28,72.25,60.51,62.53,61.62,59.67,42.28,34.93,46.04,44.82
2026-08-05 20:21:29,72.34,60.58,62.61,61.70,59.76,42.35,34.96,46.17,44.85
2026-08-05 20:21:30,72.44,60.65,62.69,61.80,59.85,42.44,35.11,46.30,44.93
2026-08-05 20:21:31,72.52,60.72,62.77,61.87,59.90,42.54,35.16,46.39,44.96
2026-08-05 20:21:33,72.60,60.78,62.86,61.95,59.97,42.62,35.04,46.31,44.92
2026-08-05 20:21:34,72.70,60.82,62.94,62.02,60.05,42.70,35.23,46.35,44.93
2026-08-05 20:21:35,72.77,60.88,63.04,62.11,60.13,42.78,35.23,46.53,45.03
2026-08-05 20:21:37,72.85,60.97,63.12,62.20,60.20,42.80,35.16,46.63,44.97
2026-08-05 20:21:38,72.93,61.04,63.19,62.28,60.25,42.89,35.28,46.77,44.85
2026-08-05 20:21:39,73.02,61.10,63.27,62.35,60.34,43.00,35.23,46.64,44.97
2026-08-05 20:21:40,73.10,61.15,63.37,62.45,60.41,42.98,35.15,46.63,45.10
2026-08-05 20:21:42,73.18,61.21,63.44,62.53,60.48,43.07,35.18,46.80,45.20
2026-08-05 20:21:43,73.26,61.29,63.51,62.60,60.56,43.12,35.31,46.95,45.33
2026-08-05 20:21:44,73.35,61.35,63.61,62.68,60.63,43.22,35.41,47.12,45.38
2026-08-05 20:21:45,73.44,61.44,63.68,62.77,60.73,43.26,35.41,47.12,45.41
2026-08-05 20:21:47,73.53,61.52,63.76,62.82,60.80,43.35,35.45,47.09,45.42
2026-08-05 20:21:48,73.61,61.57,63.85,62.89,60.87,43.41,35.52,47.08,45.41
2026-08-05 20:21:49,73.72,61.65,63.94,62.99,60.95,43.45,35.50,47.30,45.46
2026-08-05 20:21:50,73.80,61.74,64.00,63.06,61.04,43.51,35.39,47.35,45.34
2026-08-05 20:21:52,73.89,61.81,64.08,63.13,61.11,43.59,35.44,47.51,45.40
2026-08-05 20:21:53,73.99,61.89,64.15,63.20,61.17,43.65,35.53,47.66,45.52
2026-08-05 20:21:54,74.09,62.00,64.24,63.30,61.28,43.79,35.52,47.62,45.64
2026-08-05 20:21:56,74.18,62.05,64.32,63.39,61.35,43.84,35.48,47.56,45.66
2026-08-05 20:21:57,74.28,62.12,64.39,63.47,61.42,43.91,35.53,47.79,45.83
2026-08-05 20:21:58,74.38,62.19,64.49,63.56,61.53,43.96,35.62,47.86,45.94
2026-08-05 20:21:59,74.47,62.29,64.56,63.63,61.59,44.06,35.58,47.91,45.70
2026-08-05 20:22:01,74.55,62.35,64.62,63.72,61.66,44.11,35.57,47.82,45.37
2026-08-05 20:22:02,74.65,62.41,64.71,63.81,61.74,44.17,35.51,47.91,45.59
2026-08-05 20:22:03,74.73,62.48,64.78,63.87,61.81,44.24,35.50,48.01,45.85
2026-08-05 20:22:04,74.81,62.56,64.86,63.96,61.87,44.24,35.64,48.15,46.03
2026-08-05 20:22:06,74.88,62.64,64.94,64.03,61.95,44.25,35.71,48.31,46.20
2026-08-05 20:22:07,74.98,62.73,65.02,64.10,62.05,44.29,35.87,48.44,46.29
2026-08-05 20:22:08,75.05,62.81,65.10,64.19,62.10,44.40,35.85,48.40,46.26
2026-08-05 20:22:09,75.12,62.87,65.19,64.26,62.16,44.43,35.88,48.45,46.26
2026-08-05 20:22:11,75.21,62.94,65.28,64.34,62.27,44.46,35.94,48.45,46.36
2026-08-05 20:22:12,75.29,63.01,65.36,64.42,62.34,44.52,36.00,48.59,46.42
2026-08-05 20:22:13,75.37,63.11,65.45,64.51,62.42,44.57,36.14,48.73,46.50
2026-08-05 20:22:14,75.45,63.19,65.52,64.57,62.49,44.67,36.00,48.84,46.60
2026-08-05 20:22:16,75.54,63.26,65.63,64.63,62.57,44.75,36.02,48.87,46.63
2026-08-05 20:22:17,75.63,63.35,65.70,64.73,62.65,44.92,36.07,49.01,46.62
2026-08-05 20:22:18,75.71,63.43,65.78,64.80,62.73,44.97,36.18,49.14,46.68
2026-08-05 20:22:20,75.79,63.51,65.85,64.88,62.81,45.04,36.16,49.18,46.72
2026-08-05 20:22:21,75.89,63.58,65.95,64.96,62.89,45.11,36.14,49.00,46.69
2026-08-05 20:22:22,75.97,63.67,66.02,65.05,62.97,45.19,36.09,49.08,46.44
2026-08-05 20:22:23,76.05,63.73,66.10,65.12,63.04,45.23,36.14,49.22,46.59
2026-08-05 20:22:25,76.14,63.80,66.17,65.21,63.11,45.33,36.29,49.41,46.87
2026-08-05 20:22:26,76.23,63.89,66.25,65.29,63.22,45.36,36.31,49.57,47.03
2026-08-05 20:22:27,76.31,63.99,66.31,65.37,63.28,45.52,36.36,49.68,47.10
2026-08-05 20:22:28,76.42,64.09,66.41,65.45,63.37,45.60,36.35,49.70,47.13
2026-08-05 20:22:30,76.50,64.16,66.50,65.53,63.45,45.71,36.26,49.58,47.00
2026-08-05 20:22:31,76.58,64.23,66.58,65.62,63.53,45.81,36.34,49.58,47.05
2026-08-05 20:22:32,76.66,64.30,66.63,65.68,63.60,45.82,36.28,49.72,47.20
2026-08-05 20:22:33,76.75,64.38,66.71,65.79,63.64,45.84,36.15,49.78,47.28
2026-08-05 20:22:35,76.84,64.46,66.80,65.86,63.73,45.90,36.15,49.91,47.35
2026-08-05 20:22:36,76.91,64.54,66.87,65.93,63.81,46.03,36.18,50.05,47.39
2026-08-05 20:22:37,76.98,64.63,66.95,66.00,63.88,46.10,36.26,50.15,47.38
2026-08-05 20:22:38,77.06,64.68,67.03,66.08,63.98,46.14,36.29,50.21,47.47
2026-08-05 20:22:39,77.13,64.75,67.10,66.14,64.04,46.20,36.24,50.27,47.53
2026-08-05 20:22:40,77.20,64.81,67.17,66.22,64.08,46.25,36.30,50.41,47.59
2026-08-05 20:22:41,77.26,64.87,67.22,66.28,64.14,46.31,36.38,50.51,47.66
2026-08-05 20:22:42,77.32,64.94,67.28,66.32,64.19,46.32,36.45,50.60,47.74
2026-08-05 20:22:44,77.44,65.08,67.41,66.44,64.34,46.34,36.45,50.60,47.72
2026-08-05 20:22:46,77.56,65.20,67.53,66.56,64.43,46.33,36.40,50.57,47.77
2026-08-05 20:22:47,77.62,65.28,67.59,66.62,64.49,46.30,36.44,50.71,47.90
2026-08-05 20:22:48,77.68,65.35,67.65,66.68,64.55,46.31,36.55,50.80,47.94
2026-08-05 20:22:49,77.74,65.42,67.70,66.74,64.60,46.33,36.63,50.90,47.96
2026-08-05 20:22:51,77.82,65.53,67.79,66.80,64.67,46.35,36.75,51.08,48.06
2026-08-05 20:22:53,77.96,65.70,67.92,66.94,64.85,46.39,36.90,51.17,48.17
2026-08-05 20:22:54,78.06,65.81,68.03,67.02,64.95,46.46,36.93,51.24,48.17
2026-08-05 20:22:55,78.13,65.91,68.10,67.10,65.04,46.55,36.95,51.34,48.10
2026-08-05 20:22:57,78.22,66.00,68.16,67.18,65.12,46.66,36.94,51.46,48.27
2026-08-05 20:22:58,78.31,66.09,68.24,67.25,65.15,46.75,36.89,51.50,48.30
2026-08-05 20:22:59,78.39,66.17,68.35,67.33,65.24,46.82,36.89,51.48,48.18
2026-08-05 20:23:01,78.47,66.27,68.42,67.39,65.31,46.86,36.94,51.44,48.22
2026-08-05 20:23:02,78.54,66.35,68.49,67.47,65.39,46.98,36.94,51.52,48.27
2026-08-05 20:23:03,78.64,66.44,68.57,67.55,65.46,47.02,37.09,51.67,48.39
2026-08-05 20:23:04,78.72,66.55,68.66,67.63,65.58,47.10,37.02,51.83,48.48
2026-08-05 20:23:06,78.80,66.65,68.72,67.72,65.66,47.19,37.13,51.87,48.52
2026-08-05 20:23:07,78.88,66.75,68.80,67.78,65.74,47.31,37.06,51.92,48.52
2026-08-05 20:23:08,78.98,66.83,68.87,67.87,65.84,47.39,37.18,52.04,48.67
2026-08-05 20:23:09,79.06,66.93,68.95,67.94,65.93,47.48,37.26,52.16,48.78
2026-08-05 20:23:11,79.14,67.01,69.04,68.02,66.02,47.63,37.25,52.27,48.85
2026-08-05 20:23:12,79.24,67.10,69.10,68.09,66.08,47.68,37.28,52.43,49.03
2026-08-05 20:23:13,79.33,67.18,69.19,68.18,66.17,47.78,37.31,52.50,49.06
2026-08-05 20:23:14,79.41,67.29,69.28,68.26,66.26,47.87,37.33,52.56,49.10
2026-08-05 20:23:15,79.47,67.32,69.32,68.32,66.29,47.89,37.42,52.65,49.13
2026-08-05 20:23:16,79.55,67.41,69.39,68.39,66.40,47.94,37.46,52.75,49.17
2026-08-05 20:23:17,79.62,67.48,69.47,68.45,66.44,47.98,37.52,52.82,49.26
2026-08-05 20:23:19,79.70,67.55,69.52,68.52,66.55,48.08,37.55,52.91,49.33
2026-08-05 20:23:20,79.79,67.63,69.63,68.60,66.62,48.21,37.55,53.06,49.44
2026-08-05 20:23:21,79.87,67.73,69.71,68.70,66.71,48.27,37.61,53.19,49.51
2026-08-05 20:23:22,79.95,67.80,69.78,68.77,66.80,48.38,37.63,53.30,49.54
2026-08-05 20:23:24,80.03,67.87,69.87,68.85,66.88,48.47,37.70,53.39,49.61
2026-08-05 20:23:25,80.13,67.94,69.96,68.96,66.96,48.55,37.60,53.39,49.70
2026-08-05 20:23:26,80.20,68.02,70.03,69.01,67.03,48.65,37.59,53.53,49.76
2026-08-05 20:23:27,80.27,68.08,70.12,69.09,67.12,48.72,37.68,53.69,49.90
2026-08-05 20:23:29,80.36,68.16,70.19,69.17,67.19,48.83,37.66,53.76,49.88
2026-08-05 20:23:30,80.43,68.22,70.26,69.25,67.27,48.93,37.69,53.61,49.84
2026-08-05 20:23:31,80.49,68.28,70.34,69.34,67.35,48.92,37.68,53.69,49.83
2026-08-05 20:23:32,80.56,68.35,70.39,69.41,67.42,48.98,37.69,53.69,49.89
2026-08-05 20:23:34,80.63,68.43,70.49,69.47,67.51,48.97,37.79,53.87,50.00
2026-08-05 20:23:35,80.71,68.52,70.58,69.58,67.61,49.05,37.83,53.98,50.11
2026-08-05 20:23:36,80.78,68.59,70.63,69.64,67.71,49.09,37.91,54.07,50.24
2026-08-05 20:23:37,80.85,68.67,70.71,69.73,67.78,49.16,37.95,54.19,50.28
2026-08-05 20:23:39,80.94,68.76,70.80,69.80,67.86,49.22,37.97,54.29,50.40
2026-08-05 20:23:40,81.01,68.85,70.87,69.87,67.96,49.37,37.99,54.38,50.46
2026-08-05 20:23:41,81.09,68.92,70.95,69.93,68.04,49.44,38.03,54.45,50.56
2026-08-05 20:23:42,81.18,68.98,71.02,70.02,68.12,49.52,38.15,54.62,50.69
2026-08-05 20:23:44,81.25,69.06,71.12,70.11,68.19,49.62,38.17,54.69,50.70
2026-08-05 20:23:45,81.33,69.14,71.19,70.19,68.30,49.68,38.13,54.68,50.76
2026-08-05 20:23:46,81.41,69.20,71.27,70.26,68.38,49.73,38.14,54.67,50.82
2026-08-05 20:23:47,81.48,69.25,71.34,70.31,68.46,49.82,38.15,54.64,50.87
2026-08-05 20:23:48,81.55,69.30,71.41,70.38,68.51,49.84,38.06,54.67,50.91
2026-08-05 20:23:49,81.61,69.35,71.46,70.44,68.56,49.92,38.04,54.63,50.91
2026-08-05 20:23:50,81.68,69.40,71.52,70.49,68.64,49.91,38.02,54.63,50.88
2026-08-05 20:23:51,81.74,69.45,71.58,70.55,68.67,49.95,37.95,54.61,50.95
2026-08-05 20:23:52,81.80,69.49,71.64,70.61,68.73,49.95,37.93,54.64,51.01
2026-08-05 20:23:53,81.86,69.54,71.69,70.68,68.78,49.98,38.06,54.65,51.08
2026-08-05 20:23:54,81.91,69.60,71.76,70.74,68.84,49.99,38.16,54.64,51.00
2026-08-05 20:23:56,82.04,69.72,71.88,70.86,68.98,50.04,38.13,54.73,51.08
2026-08-05 20:23:57,82.11,69.79,71.97,70.94,69.06,50.06,38.12,54.77,51.07
2026-08-05 20:23:59,82.18,69.86,72.04,71.00,69.15,50.11,38.18,54.77,51.16
2026-08-05 20:24:00,82.25,69.93,72.09,71.07,69.22,50.17,38.07,54.80,51.24
2026-08-05 20:24:01,82.33,70.00,72.17,71.14,69.28,50.20,38.14,54.91,51.31
2026-08-05 20:24:03,82.40,70.07,72.26,71.21,69.37,50.28,38.09,55.00,51.42
2026-08-05 20:24:04,82.48,70.15,72.34,71.30,69.42,50.32,37.97,55.05,51.48
2026-08-05 20:24:05,82.56,70.21,72.41,71.39,69.48,50.32,38.02,55.06,51.48
2026-08-05 20:24:06,82.64,70.28,72.49,71.45,69.58,50.36,38.00,55.03,51.45
2026-08-05 20:24:08,82.71,70.33,72.55,71.53,69.67,50.38,38.04,55.07,51.49
2026-08-05 20:24:09,82.78,70.41,72.62,71.60,69.76,50.43,38.12,55.23,51.64
2026-08-05 20:24:10,82.87,70.47,72.69,71.68,69.85,50.52,38.15,55.37,51.77
2026-08-05 20:24:11,82.93,70.58,72.77,71.75,69.94,50.60,38.09,55.33,51.81
2026-08-05 20:24:13,82.99,70.63,72.84,71.82,70.02,50.64,38.00,55.12,51.79
2026-08-05 20:24:14,83.07,70.68,72.91,71.89,70.07,50.67,38.00,55.19,51.81
2026-08-05 20:24:15,83.13,70.74,72.98,71.96,70.19,50.67,38.14,55.32,51.93
2026-08-05 20:24:17,83.20,70.81,73.05,72.04,70.25,50.75,38.05,55.42,51.97
2026-08-05 20:24:18,83.27,70.89,73.12,72.10,70.33,50.81,37.95,55.31,51.99
2026-08-05 20:24:19,83.35,70.94,73.18,72.16,70.37,50.87,37.92,55.13,51.91
2026-08-05 20:24:20,83.43,70.98,73.27,72.24,70.44,50.86,37.85,55.00,51.96
2026-08-05 20:24:22,83.49,71.05,73.31,72.30,70.51,50.82,37.91,55.11,52.00
2026-08-05 20:24:23,83.57,71.10,73.40,72.37,70.60,50.88,37.96,55.17,52.01
2026-08-05 20:24:24,83.65,71.17,73.48,72.45,70.66,50.87,37.98,55.34,52.11
2026-08-05 20:24:25,83.72,71.26,73.54,72.52,70.77,50.96,38.07,55.51,52.20
2026-08-05 20:24:27,83.79,71.35,73.61,72.58,70.84,51.03,38.11,55.61,52.37
2026-08-05 20:24:28,83.88,71.43,73.68,72.64,70.90,51.13,38.12,55.41,52.30
2026-08-05 20:24:29,83.95,71.49,73.77,72.72,71.00,51.14,38.15,55.52,52.35
2026-08-05 20:24:30,84.02,71.56,73.83,72.81,71.07,51.24,38.20,55.72,52.50
2026-08-05 20:24:32,84.12,71.67,73.91,72.90,71.16,51.33,38.28,55.84,52.62
2026-08-05 20:24:33,84.19,71.76,73.97,72.96,71.27,51.44,38.34,55.90,52.73
2026-08-05 20:24:34,84.27,71.84,74.06,73.03,71.35,51.50,38.34,55.94,52.80
2026-08-05 20:24:36,84.34,71.91,74.13,73.13,71.42,51.59,38.30,56.00,52.89
2026-08-05 20:24:37,84.42,71.97,74.21,73.20,71.50,51.65,38.28,55.94,52.88
2026-08-05 20:24:38,84.50,72.05,74.29,73.27,71.57,51.73,38.21,56.10,53.00
2026-08-05 20:24:39,84.57,72.12,74.36,73.35,71.63,51.83,38.37,56.21,53.08
2026-08-05 20:24:41,84.65,72.20,74.43,73.42,71.70,51.91,38.36,56.35,53.16
2026-08-05 20:24:42,84.74,72.28,74.52,73.50,71.79,51.99,38.43,56.46,53.26
2026-08-05 20:24:43,84.82,72.36,74.60,73.57,71.85,52.13,38.23,56.33,53.24
2026-08-05 20:24:44,84.87,72.40,74.68,73.64,71.90,52.19,38.16,56.48,53.26
2026-08-05 20:24:46,84.93,72.46,74.74,73.72,71.99,52.26,38.17,56.58,53.30
2026-08-05 20:24:47,84.97,72.52,74.84,73.80,72.09,52.36,38.25,56.70,53.38
2026-08-05 20:24:48,85.04,72.62,74.91,73.88,72.19,52.44,38.27,56.68,53.36
2026-08-05 20:24:49,85.08,72.65,74.97,73.94,72.27,52.49,38.28,56.57,53.29
2026-08-05 20:24:50,85.15,72.71,75.02,74.00,72.37,52.56,38.29,56.57,53.28
2026-08-05 20:24:51,85.21,72.76,75.09,74.04,72.45,52.62,38.43,56.73,53.36
2026-08-05 20:24:52,85.27,72.81,75.15,74.11,72.57,52.70,38.47,56.78,53.50
2026-08-05 20:24:53,85.35,72.90,75.21,74.17,72.66,52.79,38.43,56.88,53.59
2026-08-05 20:24:55,85.45,72.98,75.29,74.24,72.78,52.87,38.36,56.88,53.70
2026-08-05 20:24:56,85.55,73.08,75.36,74.32,72.93,52.98,38.38,56.74,53.65
2026-08-05 20:24:57,85.62,73.15,75.44,74.40,73.03,53.11,38.34,56.79,53.57
2026-08-05 20:24:59,85.72,73.21,75.51,74.48,73.13,53.06,38.26,56.82,53.67
2026-08-05 20:25:00,85.79,73.29,75.56,74.54,73.22,53.13,38.21,56.86,53.77
2026-08-05 20:25:01,85.86,73.36,75.64,74.61,73.29,53.22,38.25,56.94,53.87
2026-08-05 20:25:02,85.93,73.43,75.70,74.67,73.37,53.27,38.21,56.89,53.84
2026-08-05 20:25:04,86.01,73.51,75.77,74.76,73.51,53.27,38.26,56.85,53.82
2026-08-05 20:25:05,86.09,73.57,75.84,74.82,73.59,53.29,38.34,56.88,53.89
2026-08-05 20:25:06,86.16,73.62,75.90,74.89,73.69,53.29,38.39,56.90,53.89
2026-08-05 20:25:07,86.25,73.68,76.00,74.97,73.78,53.37,38.45,56.99,53.98
2026-08-05 20:25:09,86.32,73.76,76.07,75.04,73.86,53.43,38.29,56.92,54.03
2026-08-05 20:25:10,86.39,73.82,76.11,75.12,73.91,53.52,38.37,56.78,54.12
2026-08-05 20:25:11,86.46,73.89,76.20,75.17,73.98,53.57,38.32,56.79,54.04
2026-08-05 20:25:12,86.53,73.93,76.27,75.25,74.07,53.59,38.34,56.77,54.06
2026-08-05 20:25:14,86.59,73.99,76.35,75.32,74.15,53.63,38.42,56.89,54.15
2026-08-05 20:25:15,86.66,74.05,76.41,75.39,74.25,53.69,38.49,57.00,54.22
2026-08-05 20:25:16,86.75,74.13,76.46,75.46,74.32,53.75,38.50,57.05,54.36
2026-08-05 20:25:17,86.82,74.21,76.56,75.52,74.41,53.90,38.48,57.04,54.25
2026-08-05 20:25:19,86.90,74.28,76.62,75.60,74.49,53.95,38.41,57.05,54.33
2026-08-05 20:25:20,86.99,74.33,76.70,75.64,74.55,54.11,38.51,57.03,54.42
2026-08-05 20:25:21,87.08,74.40,76.77,75.73,74.64,54.23,38.50,57.17,54.34
2026-08-05 20:25:22,87.14,74.47,76.85,75.80,74.75,54.34,38.59,57.32,54.49
2026-08-05 20:25:24,87.21,74.57,76.91,75.87,74.84,54.49,38.68,57.39,54.66
2026-08-05 20:25:25,87.27,74.67,76.97,75.94,74.92,54.57,38.68,57.52,54.81
2026-08-05 20:25:26,87.35,74.74,77.06,76.00,75.02,54.65,38.72,57.43,54.80
2026-08-05 20:25:27,87.42,74.81,77.12,76.08,75.11,54.70,38.73,57.49,54.85
2026-08-05 20:25:29,87.48,74.89,77.20,76.14,75.21,54.79,38.81,57.62,54.97
2026-08-05 20:25:30,87.57,74.97,77.26,76.21,75.32,54.94,38.77,57.72,55.10
2026-08-05 20:25:31,87.64,75.05,77.35,76.29,75.45,55.08,38.72,57.70,55.24
2026-08-05 20:25:32,87.71,75.12,77.42,76.35,75.56,55.14,38.71,57.60,55.15
2026-08-05 20:25:34,87.77,75.17,77.48,76.42,75.64,55.21,38.77,57.62,55.18
2026-08-05 20:25:35,87.85,75.24,77.54,76.49,75.75,55.32,38.81,57.72,55.25
2026-08-05 20:25:36,87.92,75.31,77.61,76.55,75.82,55.42,38.77,57.82,55.34
2026-08-05 20:25:38,87.99,75.40,77.71,76.61,75.90,55.54,38.87,57.98,55.45
2026-08-05 20:25:39,88.06,75.49,77.75,76.67,75.97,55.61,38.93,58.11,55.59
2026-08-05 20:25:40,88.12,75.57,77.80,76.72,76.03,55.65,38.99,58.05,55.52
2026-08-05 20:25:41,88.17,75.64,77.87,76.78,76.10,55.70,38.92,58.13,55.52
2026-08-05 20:25:42,88.23,75.69,77.92,76.85,76.16,55.80,39.00,58.15,55.55
2026-08-05 20:25:43,88.29,75.76,77.97,76.89,76.22,55.84,38.91,58.19,55.64
2026-08-05 20:25:44,88.34,75.82,78.02,76.94,76.27,55.95,38.96,58.10,55.66
2026-08-05 20:25:45,88.39,75.88,78.08,77.00,76.33,56.00,38.98,58.25,55.73
2026-08-05 20:25:46,88.46,75.94,78.13,77.07,76.40,56.13,39.01,58.37,55.80
2026-08-05 20:25:48,88.56,76.07,78.25,77.18,76.51,56.35,39.02,58.41,55.79
2026-08-05 20:25:49,88.63,76.13,78.34,77.25,76.61,56.47,39.01,58.49,55.81
2026-08-05 20:25:50,88.69,76.20,78.40,77.30,76.65,56.38,39.00,58.61,55.92
2026-08-05 20:25:52,88.75,76.26,78.46,77.38,76.70,57.11,38.86,58.59,55.99
2026-08-05 20:25:53,88.83,76.34,78.54,77.44,76.76,57.84,38.88,58.73,56.08
2026-08-05 20:25:54,88.89,76.41,78.61,77.52,76.82,58.38,38.81,58.35,55.85
2026-08-05 20:25:55,88.96,76.46,78.68,77.58,76.88,58.67,38.91,58.43,55.86
2026-08-05 20:25:57,89.02,76.51,78.74,77.63,76.95,58.94,38.90,58.59,55.93
2026-08-05 20:25:58,89.10,76.59,78.81,77.72,77.01,59.17,39.00,58.75,56.01
2026-08-05 20:25:59,89.16,76.68,78.87,77.76,77.10,59.38,39.01,58.87,56.05
2026-08-05 20:26:00,89.22,76.76,78.94,77.83,77.14,59.55,38.99,58.93,56.11
2026-08-05 20:26:02,89.31,76.83,79.02,77.88,77.22,59.69,38.98,58.72,56.00
2026-08-05 20:26:03,89.37,76.88,79.10,77.95,77.30,59.79,39.01,58.79,56.01
2026-08-05 20:26:04,89.43,76.93,79.16,78.01,77.37,59.92,38.92,58.85,56.00
2026-08-05 20:26:05,89.49,77.00,79.22,78.07,77.44,60.06,38.97,58.75,56.01
2026-08-05 20:26:07,89.57,77.06,79.29,78.15,77.51,60.20,38.92,58.81,56.11
2026-08-05 20:26:08,89.63,77.13,79.36,78.21,77.56,60.39,38.91,58.67,56.11
2026-08-05 20:26:09,89.70,77.18,79.43,78.27,77.62,60.53,38.85,58.49,55.99
2026-08-05 20:26:10,89.77,77.21,79.48,78.32,77.68,60.63,38.82,58.57,56.02
2026-08-05 20:26:12,89.83,77.26,79.56,78.39,77.73,60.74,38.84,58.55,56.13
2026-08-05 20:26:13,89.89,77.33,79.62,78.45,77.80,60.82,38.94,58.64,56.18
2026-08-05 20:26:14,89.97,77.41,79.68,78.53,77.89,60.99,38.94,58.79,56.23
2026-08-05 20:26:16,90.04,77.48,79.77,78.61,77.97,61.10,38.94,58.84,56.15
2026-08-05 20:26:17,90.11,77.55,79.83,78.66,78.05,61.21,38.94,58.59,56.07
2026-08-05 20:26:18,90.17,77.60,79.90,78.73,78.10,61.32,38.85,58.62,56.12
2026-08-05 20:26:19,90.25,77.66,79.96,78.78,78.15,61.40,38.88,58.81,56.24
2026-08-05 20:26:20,90.30,77.72,80.01,78.84,78.19,61.53,38.84,58.96,56.32
2026-08-05 20:26:21,90.36,77.77,80.06,78.87,78.25,61.63,38.91,59.06,56.43
2026-08-05 20:26:22,90.40,77.85,80.13,78.95,78.30,61.72,38.90,59.09,56.45
2026-08-05 20:26:24,90.46,77.92,80.20,79.01,78.38,61.82,38.98,59.21,56.47
2026-08-05 20:26:25,90.52,77.99,80.25,79.07,78.43,61.91,38.95,59.22,56.57
2026-08-05 20:26:26,90.57,78.05,80.31,79.11,78.48,62.01,38.96,59.00,56.55
2026-08-05 20:26:27,90.64,78.11,80.38,79.19,78.54,62.09,38.98,59.13,56.53
2026-08-05 20:26:28,90.71,78.17,80.43,79.24,78.62,62.16,39.07,59.14,56.62
2026-08-05 20:26:29,90.79,78.23,80.52,79.31,78.70,62.26,39.05,59.32,56.72
2026-08-05 20:26:31,90.85,78.33,80.59,79.38,78.77,62.37,39.19,59.48,56.84
2026-08-05 20:26:32,90.93,78.40,80.64,79.44,78.86,62.45,39.16,59.58,56.95
2026-08-05 20:26:33,91.01,78.46,80.71,79.49,78.93,62.55,39.16,59.51,56.83
2026-08-05 20:26:34,91.08,78.51,80.79,79.58,79.04,62.65,39.19,59.55,56.96
2026-08-05 20:26:36,91.15,78.59,80.85,79.65,79.11,62.77,39.19,59.73,57.13
2026-08-05 20:26:37,91.22,78.66,80.92,79.71,79.17,62.92,39.27,59.93,57.30
2026-08-05 20:26:38,91.30,78.74,80.98,79.78,79.25,63.00,39.25,60.01,57.33
2026-08-05 20:26:40,91.37,78.82,81.06,79.87,79.35,63.10,39.19,59.95,57.37
2026-08-05 20:26:41,91.44,78.89,81.13,79.93,79.39,63.20,39.27,59.98,57.40
2026-08-05 20:26:42,91.50,78.94,81.19,79.99,79.46,63.28,39.25,60.01,57.36
2026-08-05 20:26:43,91.57,78.98,81.27,80.07,79.52,63.37,39.28,60.19,57.46
2026-08-05 20:26:45,91.64,79.06,81.35,80.13,79.57,63.45,39.21,60.10,57.55
2026-08-05 20:26:46,91.70,79.14,81.40,80.20,79.62,63.55,39.33,60.16,57.58
2026-08-05 20:26:47,91.76,79.19,81.46,80.26,79.70,63.59,39.28,60.28,57.72
2026-08-05 20:26:48,91.83,79.24,81.55,80.34,79.75,63.65,39.20,60.36,57.73
2026-08-05 20:26:50,91.90,79.32,81.61,80.40,79.82,63.72,39.27,60.41,57.78
2026-08-05 20:26:51,91.96,79.39,81.67,80.47,79.89,63.76,39.41,60.58,57.94
2026-08-05 20:26:52,92.04,79.48,81.74,80.53,79.96,63.82,39.40,60.65,57.91
2026-08-05 20:26:53,92.10,79.54,81.83,80.59,80.04,63.86,39.33,60.45,57.82
2026-08-05 20:26:55,92.16,79.61,81.88,80.66,80.10,63.90,39.41,60.50,57.84
2026-08-05 20:26:56,92.23,79.68,81.95,80.73,80.17,63.95,39.45,60.69,57.98
2026-08-05 20:26:57,92.30,79.75,82.01,80.81,80.23,64.05,39.43,60.74,58.03
2026-08-05 20:26:58,92.37,79.82,82.09,80.86,80.30,64.08,39.47,60.80,58.20
2026-08-05 20:27:00,92.44,79.90,82.16,80.94,80.33,64.12,39.56,60.87,58.19
2026-08-05 20:27:01,92.51,79.97,82.22,80.99,80.42,64.14,39.37,60.78,58.25
2026-08-05 20:27:02,92.59,80.01,82.30,81.06,80.47,64.13,39.29,60.69,58.32
2026-08-05 20:27:04,92.67,80.09,82.39,81.12,80.53,64.15,39.35,60.74,58.32
2026-08-05 20:27:05,92.74,80.14,82.42,81.18,80.61,64.20,39.49,60.80,58.31
2026-08-05 20:27:06,92.80,80.19,82.51,81.25,80.68,64.29,39.47,60.96,58.40
2026-08-05 20:27:07,92.87,80.29,82.56,81.31,80.77,64.37,39.59,61.11,58.46
2026-08-05 20:27:09,92.94,80.37,82.62,81.38,80.83,64.46,39.48,61.08,58.48
2026-08-05 20:27:10,93.02,80.43,82.70,81.43,80.91,64.51,39.60,61.16,58.54
2026-08-05 20:27:11,93.11,80.49,82.76,81.51,80.99,64.64,39.65,61.29,58.66
2026-08-05 20:27:12,93.19,80.59,82.83,81.57,81.06,64.78,39.71,61.47,58.78
2026-08-05 20:27:14,93.27,80.68,82.89,81.63,81.14,64.88,39.66,61.58,58.89
2026-08-05 20:27:15,93.35,80.73,82.97,81.72,81.20,64.95,39.56,61.44,58.79
2026-08-05 20:27:16,93.41,80.78,83.01,81.77,81.26,64.99,39.54,61.18,58.80
2026-08-05 20:27:17,93.47,80.82,83.07,81.81,81.31,65.01,39.65,61.29,58.83
2026-08-05 20:27:18,93.53,80.88,83.13,81.88,81.37,65.03,39.57,61.45,58.91
2026-08-05 20:27:19,93.60,80.94,83.20,81.95,81.45,65.09,39.66,61.48,58.93
2026-08-05 20:27:21,93.68,81.00,83.25,81.98,81.51,65.15,39.71,61.68,59.04
2026-08-05 20:27:22,93.74,81.07,83.35,82.07,81.61,65.22,39.82,61.82,59.13
2026-08-05 20:27:23,93.81,81.15,83.39,82.15,81.67,65.32,39.84,61.96,59.22
2026-08-05 20:27:24,93.87,81.22,83.48,82.20,81.75,65.42,39.86,61.89,59.29
2026-08-05 20:27:26,93.95,81.27,83.53,82.26,81.81,65.51,39.85,61.87,59.21
2026-08-05 20:27:27,94.02,81.33,83.60,82.33,81.88,65.54,39.83,61.99,59.30
2026-08-05 20:27:28,94.09,81.42,83.67,82.41,81.97,65.63,39.88,62.17,59.45
2026-08-05 20:27:29,94.15,81.48,83.73,82.47,82.02,65.68,39.91,62.12,59.50
2026-08-05 20:27:31,94.24,81.54,83.81,82.55,82.10,65.75,40.00,62.28,59.56
2026-08-05 20:27:32,94.30,81.61,83.87,82.61,82.18,65.78,39.76,62.26,59.43
2026-08-05 20:27:33,94.37,81.65,83.94,82.68,82.25,65.84,39.87,62.34,59.49
2026-08-05 20:27:35,94.45,81.70,83.99,82.74,82.29,65.92,39.88,62.53,59.65
2026-08-05 20:27:36,94.52,81.76,84.07,82.81,82.37,65.99,39.82,62.55,59.64
2026-08-05 20:27:37,94.60,81.83,84.15,82.88,82.44,66.06,39.90,62.70,59.70
2026-08-05 20:27:38,94.68,81.90,84.20,82.95,82.49,66.20,39.78,62.85,59.81
2026-08-05 20:27:40,94.75,81.95,84.29,83.03,82.56,66.22,39.78,62.88,59.86
2026-08-05 20:27:41,94.81,82.02,84.35,83.08,82.62,66.37,39.90,62.80,59.86
2026-08-05 20:27:42,94.89,82.07,84.41,83.15,82.67,66.41,39.78,62.97,59.94
2026-08-05 20:27:43,94.97,82.14,84.48,83.22,82.74,66.49,39.88,63.13,60.01
2026-08-05 20:27:45,95.03,82.23,84.54,83.30,82.83,66.57,40.00,63.27,60.11
2026-08-05 20:27:46,95.11,82.30,84.60,83.35,82.87,66.62,39.88,63.35,60.10
2026-08-05 20:27:47,95.17,82.36,84.67,83.42,82.94,66.69,39.87,63.20,60.05
2026-08-05 20:27:48,95.25,82.40,84.74,83.48,83.03,66.74,39.89,63.19,60.06
2026-08-05 20:27:50,95.32,82.45,84.81,83.53,83.10,66.75,39.89,63.20,60.08
2026-08-05 20:27:51,95.38,82.50,84.86,83.61,83.16,66.79,40.00,63.40,60.19
2026-08-05 20:27:52,95.45,82.57,84.92,83.67,83.23,66.85,39.92,63.44,60.31
2026-08-05 20:27:53,95.52,82.64,84.99,83.73,83.27,66.91,39.97,63.51,60.39
2026-08-05 20:27:55,95.59,82.73,85.04,83.80,83.32,66.91,39.91,63.59,60.40
2026-08-05 20:27:56,95.65,82.77,85.09,83.84,83.37,66.94,39.90,63.69,60.51
2026-08-05 20:27:57,95.70,82.83,85.15,83.88,83.42,66.96,40.09,63.80,60.63
2026-08-05 20:27:59,95.81,82.93,85.24,83.96,83.54,66.96,39.94,63.77,60.62
2026-08-05 20:28:00,95.87,82.99,85.30,84.02,83.58,66.95,39.93,63.49,60.60
2026-08-05 20:28:01,95.94,83.03,85.35,84.09,83.62,66.91,39.97,63.63,60.71
2026-08-05 20:28:02,96.01,83.08,85.42,84.14,83.68,66.92,39.87,63.78,60.80
2026-08-05 20:28:04,96.08,83.16,85.49,84.20,83.75,66.93,39.98,63.89,60.87
2026-08-05 20:28:05,96.15,83.23,85.54,84.26,83.82,66.93,40.18,63.96,60.92
2026-08-05 20:28:06,96.23,83.32,85.62,84.33,83.92,66.94,40.19,63.99,60.93
2026-08-05 20:28:08,96.30,83.39,85.67,84.39,83.98,67.00,40.12,63.82,60.93
2026-08-05 20:28:09,96.38,83.46,85.73,84.45,84.04,67.00,40.04,63.90,60.97
2026-08-05 20:28:10,96.46,83.51,85.79,84.49,84.10,67.03,39.94,64.00,61.05
2026-08-05 20:28:11,96.53,83.56,85.86,84.56,84.14,67.10,40.06,64.15,61.14
2026-08-05 20:28:13,96.61,83.64,85.90,84.63,84.20,67.15,40.17,64.06,61.07
2026-08-05 20:28:14,96.69,83.71,85.98,84.68,84.28,67.24,40.16,64.05,61.05
2026-08-05 20:28:15,96.77,83.74,86.04,84.75,84.36,67.30,40.01,64.06,61.11
2026-08-05 20:28:16,96.85,83.80,86.10,84.81,84.41,67.39,39.88,64.07,61.17
2026-08-05 20:28:18,96.92,83.85,86.14,84.85,84.46,67.43,39.97,64.12,61.27
2026-08-05 20:28:19,96.97,83.91,86.20,84.91,84.51,67.50,40.09,64.25,61.25
2026-08-05 20:28:20,97.05,83.97,86.28,84.98,84.60,67.54,40.19,64.28,61.20
2026-08-05 20:28:21,97.08,84.01,86.31,85.01,84.64,67.60,40.30,64.39,61.27
2026-08-05 20:28:22,97.14,84.07,86.34,85.06,84.69,67.62,40.10,64.29,61.29
2026-08-05 20:28:23,97.22,84.11,86.43,85.13,84.74,67.68,40.07,63.98,61.19
2026-08-05 20:28:24,97.31,84.16,86.49,85.19,84.79,67.73,40.15,63.93,61.15
2026-08-05 20:28:26,97.39,84.21,86.54,85.25,84.87,67.75,40.23,64.13,61.24
2026-08-05 20:28:27,97.48,84.28,86.59,85.31,84.94,67.78,40.29,64.20,61.28
2026-08-05 20:28:28,97.56,84.35,86.66,85.37,85.03,67.85,40.36,64.27,61.36
2026-08-05 20:28:29,97.63,84.44,86.72,85.43,85.10,67.93,40.38,64.35,61.42
2026-08-05 20:28:31,97.72,84.49,86.78,85.48,85.18,68.05,40.32,64.43,61.42
2026-08-05 20:28:32,97.80,84.54,86.85,85.55,85.24,68.13,40.41,64.54,61.49
2026-08-05 20:28:33,97.88,84.62,86.91,85.62,85.32,68.23,40.43,64.65,61.63
2026-08-05 20:28:34,97.95,84.70,86.97,85.69,85.39,68.32,40.45,64.83,61.76
2026-08-05 20:28:36,98.03,84.77,87.03,85.75,85.47,68.43,40.47,64.93,61.89
2026-08-05 20:28:37,98.12,84.84,87.10,85.82,85.53,68.50,40.19,64.93,62.01
2026-08-05 20:28:38,98.19,84.90,87.17,85.89,85.60,68.56,40.23,64.89,62.06
2026-08-05 20:28:39,98.27,84.93,87.23,85.95,85.67,68.57,40.38,65.07,62.16
2026-08-05 20:28:41,98.34,84.99,87.30,86.01,85.73,68.59,40.55,65.21,62.29
2026-08-05 20:28:42,98.41,85.05,87.39,86.08,85.82,68.64,40.62,65.32,62.44
2026-08-05 20:28:43,98.47,85.14,87.45,86.14,85.89,68.74,40.62,65.44,62.61
2026-08-05 20:28:45,98.55,85.20,87.51,86.20,85.97,68.83,40.65,65.45,62.72
2026-08-05 20:28:46,98.63,85.27,87.59,86.25,86.03,68.89,40.52,65.22,62.77
2026-08-05 20:28:47,98.71,85.33,87.66,86.34,86.13,68.94,40.52,65.23,62.90
2026-08-05 20:28:48,98.79,85.38,87.72,86.40,86.17,69.00,40.60,65.33,63.00
2026-08-05 20:28:50,98.86,85.44,87.81,86.47,86.24,69.05,40.75,65.40,63.08
2026-08-05 20:28:51,98.93,85.51,87.86,86.53,86.32,69.11,40.64,65.28,63.00
2026-08-05 20:28:52,98.99,85.55,87.91,86.60,86.38,69.16,40.39,65.24,63.07
2026-08-05 20:28:53,99.07,85.60,87.98,86.65,86.44,69.20,40.64,65.50,63.21
2026-08-05 20:28:55,99.14,85.68,88.04,86.71,86.51,69.21,40.59,65.65,63.26
2026-08-05 20:28:56,99.21,85.77,88.09,86.76,86.55,69.22,40.34,65.60,63.27
2026-08-05 20:28:57,99.27,85.81,88.13,86.82,86.60,69.24,40.30,65.22,63.14
2026-08-05 20:28:58,99.35,85.85,88.19,86.87,86.64,69.21,40.39,65.16,63.08
2026-08-05 20:29:00,99.41,85.90,88.27,86.94,86.73,69.19,40.59,65.36,63.18
2026-08-05 20:29:01,99.47,85.98,88.31,86.99,86.78,69.22,40.39,65.55,63.24
2026-08-05 20:29:02,99.54,86.05,88.36,87.04,86.83,69.25,40.57,65.69,63.29
2026-08-05 20:29:03,99.62,86.12,88.42,87.09,86.89,69.32,40.80,65.83,63.34
2026-08-05 20:29:05,99.67,86.21,88.48,87.16,86.99,69.39,40.83,65.90,63.42
2026-08-05 20:29:06,99.75,86.27,88.52,87.22,87.04,69.45,40.76,65.62,63.48
2026-08-05 20:29:07,99.82,86.32,88.59,87.26,87.09,69.52,40.44,65.76,63.51
2026-08-05 20:29:08,99.91,86.36,88.65,87.34,87.13,69.57,40.39,65.83,63.62
2026-08-05 20:29:10,100.01,86.43,88.71,87.39,87.18,69.63,40.36,65.99,63.68
2026-08-05 20:29:11,100.11,86.48,88.77,87.44,87.24,69.67,40.48,65.67,63.63
2026-08-05 20:29:12,100.20,86.53,88.82,87.50,87.30,69.66,40.52,65.62,63.46
2026-08-05 20:29:14,100.28,86.56,88.90,87.55,87.38,69.64,40.48,65.66,63.38
2026-08-05 20:29:15,100.34,86.62,88.93,87.61,87.45,69.64,40.76,65.82,63.51
2026-08-05 20:29:16,100.39,86.68,88.99,87.66,87.50,69.68,40.93,65.93,63.63
2026-08-05 20:29:17,100.49,86.76,89.06,87.71,87.57,69.67,40.80,65.97,63.71
2026-08-05 20:29:18,100.58,86.85,89.12,87.78,87.64,69.69,40.96,66.14,63.72
2026-08-05 20:29:20,100.67,86.93,89.19,87.83,87.70,69.71,40.84,66.12,63.78
2026-08-05 20:29:21,100.77,87.00,89.25,87.89,87.76,69.77,40.81,66.21,63.85
2026-08-05 20:29:22,100.85,87.06,89.31,87.95,87.82,69.87,40.59,66.26,63.88
2026-08-05 20:29:24,100.93,87.11,89.37,88.00,87.89,69.92,40.63,66.35,63.95
2026-08-05 20:29:25,101.02,87.17,89.42,88.05,87.95,70.04,40.68,66.24,63.97
2026-08-05 20:29:26,101.10,87.23,89.48,88.12,88.01,70.08,40.68,66.17,63.85
2026-08-05 20:29:28,101.17,87.27,89.53,88.18,88.08,70.13,40.70,66.22,63.72
2026-08-05 20:29:29,101.24,87.31,89.58,88.22,88.12,70.13,40.61,66.30,63.80
2026-08-05 20:29:30,101.31,87.36,89.64,88.29,88.17,70.20,40.79,66.45,63.86
2026-08-05 20:29:31,101.38,87.42,89.70,88.34,88.25,70.23,40.79,66.56,63.92
2026-08-05 20:29:32,101.43,87.47,89.74,88.39,88.29,70.29,40.84,66.65,63.92
2026-08-05 20:29:33,101.50,87.53,89.78,88.44,88.34,70.37,40.97,66.66,63.86
2026-08-05 20:29:34,101.56,87.59,89.82,88.49,88.40,70.41,40.99,66.72,63.89
2026-08-05 20:29:36,101.62,87.65,89.89,88.55,88.45,70.50,40.99,66.51,63.83
2026-08-05 20:29:37,101.69,87.71,89.93,88.61,88.50,70.54,41.05,66.56,63.88
2026-08-05 20:29:38,101.77,87.76,89.99,88.67,88.56,70.56,40.89,66.73,63.95
2026-08-05 20:29:39,101.83,87.83,90.04,88.72,88.62,70.64,40.99,66.86,64.04
2026-08-05 20:29:41,101.90,87.90,90.10,88.79,88.68,70.71,41.08,66.99,64.15
2026-08-05 20:29:42,101.98,87.96,90.16,88.84,88.74,70.72,41.21,66.92,64.18
2026-08-05 20:29:43,102.04,88.03,90.22,88.89,88.81,70.76,41.20,66.90,64.18
2026-08-05 20:29:44,102.11,88.10,90.28,88.96,88.88,70.81,41.29,67.07,64.32
2026-08-05 20:29:46,102.17,88.16,90.33,89.02,88.94,70.88,41.25,67.19,64.41
2026-08-05 20:29:47,102.25,88.23,90.39,89.08,88.99,71.01,41.40,67.30,64.50
2026-08-05 20:29:48,102.32,88.32,90.49,89.16,89.10,71.10,41.48,67.40,64.59
2026-08-05 20:29:50,102.39,88.37,90.56,89.22,89.16,71.18,41.43,67.43,64.68
2026-08-05 20:29:51,102.48,88.43,90.63,89.27,89.23,71.29,41.46,67.27,64.63
2026-08-05 20:29:52,102.54,88.49,90.68,89.35,89.29,71.37,41.49,67.48,64.82
2026-08-05 20:29:53,102.61,88.55,90.74,89.41,89.35,71.43,41.60,67.64,64.95
2026-08-05 20:29:55,102.68,88.63,90.79,89.46,89.43,71.45,41.81,67.74,65.08
2026-08-05 20:29:56,102.75,88.71,90.86,89.51,89.49,71.43,41.83,67.80,65.13
2026-08-05 20:29:57,102.82,88.79,90.93,89.57,89.55,71.46,41.69,67.85,65.17
2026-08-05 20:29:58,102.89,88.85,90.97,89.63,89.58,71.49,41.58,67.88,65.26
2026-08-05 20:30:00,102.97,88.89,91.04,89.69,89.64,71.54,41.39,67.91,65.32
2026-08-05 20:30:01,103.03,88.94,91.08,89.76,89.72,71.60,41.46,67.96,65.37
2026-08-05 20:30:02,103.09,89.01,91.14,89.81,89.77,71.66,41.66,68.10,65.45
2026-08-05 20:30:04,103.16,89.07,91.19,89.86,89.82,71.74,41.52,67.64,65.38
2026-08-05 20:30:05,103.23,89.11,91.25,89.91,89.88,71.73,41.61,67.65,65.43
2026-08-05 20:30:06,103.29,89.17,91.29,89.99,89.93,71.76,41.66,67.77,65.48
2026-08-05 20:30:07,103.36,89.23,91.35,90.04,89.98,71.76,41.72,67.92,65.52
2026-08-05 20:30:09,103.43,89.31,91.40,90.09,90.05,71.80,41.83,68.04,65.57
2026-08-05 20:30:10,103.49,89.39,91.47,90.15,90.12,71.83,42.03,68.14,65.63
2026-08-05 20:30:11,103.55,89.44,91.52,90.21,90.18,71.86,41.83,68.21,65.69
2026-08-05 20:30:12,103.62,89.50,91.56,90.26,90.22,71.92,41.68,68.26,65.74
2026-08-05 20:30:14,103.67,89.54,91.63,90.32,90.28,71.95,41.61,68.37,65.82
2026-08-05 20:30:15,103.72,89.57,91.68,90.37,90.33,72.00,41.63,68.46,65.82
2026-08-05 20:30:16,103.77,89.63,91.73,90.41,90.38,72.04,41.66,68.59,65.91
2026-08-05 20:30:17,103.82,89.68,91.77,90.45,90.41,72.09,41.77,68.37,65.88
2026-08-05 20:30:18,103.86,89.73,91.81,90.49,90.47,72.10,41.78,68.24,65.80
2026-08-05 20:30:19,103.91,89.77,91.85,90.53,90.51,72.07,41.51,68.21,65.83
2026-08-05 20:30:20,103.96,89.81,91.89,90.57,90.55,72.09,41.72,68.27,65.82
2026-08-05 20:30:21,104.01,89.85,91.93,90.62,90.59,72.09,41.60,68.37,65.87
2026-08-05 20:30:22,104.06,89.89,91.99,90.64,90.65,72.09,41.66,68.51,65.91
2026-08-05 20:30:23,104.10,89.95,92.03,90.69,90.69,72.11,41.83,68.61,65.93
2026-08-05 20:30:24,104.16,90.01,92.07,90.73,90.75,72.14,42.02,68.70,65.98
2026-08-05 20:30:25,104.21,90.07,92.13,90.78,90.82,72.15,41.98,68.61,65.83
2026-08-05 20:30:26,104.26,90.11,92.16,90.81,90.88,72.14,42.03,68.63,65.82
2026-08-05 20:30:27,104.36,90.19,92.24,90.89,90.97,72.16,42.35,68.78,65.94
2026-08-05 20:30:29,104.42,90.28,92.28,90.94,91.04,72.20,42.48,68.91,66.02
2026-08-05 20:30:30,104.48,90.36,92.33,90.99,91.11,72.24,42.63,68.99,66.12
2026-08-05 20:30:31,104.56,90.44,92.39,91.04,91.17,72.24,42.66,69.12,66.22
2026-08-05 20:30:32,104.62,90.51,92.46,91.10,91.25,72.25,42.60,68.96,66.21
2026-08-05 20:30:34,104.68,90.58,92.51,91.16,91.31,72.27,42.49,68.91,66.19
2026-08-05 20:30:35,104.74,90.63,92.57,91.21,91.36,72.28,42.56,69.08,66.33
2026-08-05 20:30:36,104.81,90.68,92.62,91.25,91.44,72.29,42.52,69.20,66.44
2026-08-05 20:30:37,104.88,90.74,92.67,91.31,91.49,72.29,42.55,69.27,66.52
2026-08-05 20:30:39,104.93,90.80,92.72,91.37,91.56,72.28,42.55,69.26,66.56
2026-08-05 20:30:40,104.97,90.85,92.77,91.41,91.63,72.30,42.53,69.12,66.54
2026-08-05 20:30:41,105.06,90.91,92.83,91.46,91.68,72.31,42.55,69.11,66.61
2026-08-05 20:30:42,105.11,90.95,92.89,91.53,91.72,72.32,42.36,69.19,66.66
2026-08-05 20:30:44,105.17,91.00,92.94,91.57,91.79,72.35,42.36,69.24,66.74
2026-08-05 20:30:45,105.23,91.04,92.99,91.61,91.85,72.38,42.28,69.33,66.79
2026-08-05 20:30:46,105.29,91.09,93.06,91.68,91.89,72.42,42.19,69.21,66.78
2026-08-05 20:30:48,105.34,91.14,93.11,91.73,91.94,72.41,42.09,69.24,66.80
2026-08-05 20:30:49,105.39,91.19,93.15,91.78,91.99,72.42,42.30,69.11,66.74
2026-08-05 20:30:50,105.45,91.24,93.19,91.83,92.06,72.41,42.44,69.17,66.77
2026-08-05 20:30:51,105.50,91.29,93.24,91.89,92.12,72.41,42.42,69.33,66.83
2026-08-05 20:30:53,105.55,91.35,93.29,91.95,92.18,72.44,42.51,69.26,66.85
2026-08-05 20:30:54,105.60,91.41,93.34,91.98,92.23,72.44,42.73,69.41,66.79
2026-08-05 20:30:55,105.67,91.47,93.38,92.05,92.26,72.47,42.85,69.25,66.78
2026-08-05 20:30:56,105.72,91.54,93.43,92.10,92.35,72.48,42.99,69.39,66.85
2026-08-05 20:30:58,105.78,91.61,93.48,92.17,92.41,72.48,42.89,69.49,66.93
2026-08-05 20:30:59,105.84,91.66,93.52,92.21,92.46,72.53,42.79,69.60,67.02
2026-08-05 20:31:00,105.90,91.72,93.58,92.28,92.52,72.58,42.82,69.60,67.07
2026-08-05 20:31:01,105.96,91.78,93.63,92.32,92.58,72.61,42.70,69.55,66.99
2026-08-05 20:31:03,106.02,91.82,93.67,92.36,92.64,72.58,42.79,69.52,66.99
2026-08-05 20:31:04,106.09,91.86,93.71,92.42,92.68,72.56,42.85,69.65,67.07
2026-08-05 20:31:05,106.14,91.92,93.77,92.48,92.75,72.54,42.96,69.79,67.15
2026-08-05 20:31:06,106.19,92.00,93.82,92.53,92.79,72.60,43.07,69.87,67.20
2026-08-05 20:31:08,106.25,92.07,93.86,92.59,92.87,72.63,43.32,69.97,67.25
2026-08-05 20:31:09,106.32,92.14,93.92,92.63,92.95,72.62,43.33,69.80,67.22
2026-08-05 20:31:10,106.35,92.17,93.96,92.66,92.97,72.62,43.20,69.68,67.22
2026-08-05 20:31:11,106.42,92.22,94.02,92.72,93.02,72.59,42.95,69.75,67.30
2026-08-05 20:31:12,106.47,92.27,94.06,92.78,93.09,72.56,42.98,69.86,67.37
2026-08-05 20:31:14,106.53,92.32,94.12,92.81,93.15,72.57,43.20,70.01,67.43
2026-08-05 20:31:15,106.59,92.40,94.17,92.87,93.21,72.60,43.52,70.09,67.45
2026-08-05 20:31:16,106.64,92.47,94.22,92.91,93.25,72.62,43.56,70.04,67.28
2026-08-05 20:31:17,106.69,92.54,94.28,92.97,93.31,72.60,43.49,69.94,67.36
2026-08-05 20:31:19,106.75,92.59,94.32,93.02,93.35,72.56,43.76,70.13,67.47
2026-08-05 20:31:20,106.80,92.66,94.37,93.05,93.45,72.43,43.66,70.25,67.54
2026-08-05 20:31:21,106.79,91.29,89.87,86.28,91.87,72.24,48.33,67.22,64.64
2026-08-05 20:31:22,106.24,86.49,83.79,79.99,88.37,70.73,46.79,64.70,62.08
2026-08-05 20:31:24,105.23,81.58,79.05,74.13,85.61,69.23,45.66,62.74,60.31
2026-08-05 20:31:25,104.41,77.62,73.65,68.32,83.27,67.53,44.66,61.18,59.12
2026-08-05 20:31:26,103.82,74.22,70.70,64.49,82.07,66.56,44.16,59.99,58.24
2026-08-05 20:31:27,103.29,71.93,67.52,61.27,81.45,65.67,43.80,59.49,57.71
2026-08-05 20:31:28,102.81,69.18,64.81,58.16,81.16,64.50,43.89,58.85,57.23
2026-08-05 20:31:29,102.39,66.61,62.42,55.31,79.90,63.70,43.55,58.13,56.36
2026-08-05 20:31:30,101.92,64.80,58.99,53.12,78.83,62.67,43.15,57.33,55.77
2026-08-05 20:31:31,101.62,63.50,57.94,51.55,78.51,61.92,42.77,56.85,55.51
2026-08-05 20:31:32,101.27,62.21,56.66,49.57,78.07,61.16,42.61,56.17,55.17
2026-08-05 20:31:33,100.94,61.48,55.07,47.86,77.97,60.38,42.52,55.68,54.89
2026-08-05 20:31:34,100.62,60.48,53.85,47.09,77.65,59.43,42.50,55.25,54.55
2026-08-05 20:31:35,100.26,59.82,53.14,47.08,76.43,58.54,42.54,55.28,54.09
2026-08-05 20:31:36,100.03,59.54,52.55,46.25,76.19,57.89,42.54,54.94,53.80
2026-08-05 20:31:37,99.76,58.32,51.86,46.23,75.78,57.32,42.41,54.44,53.48
2026-08-05 20:31:38,99.50,57.62,50.65,46.22,75.15,56.54,42.22,54.02,53.19
2026-08-05 20:31:39,99.25,56.50,49.42,44.64,75.43,55.98,42.26,53.31,52.93
2026-08-05 20:31:40,98.99,54.85,47.82,42.31,76.51,55.13,42.35,52.73,52.53
2026-08-05 20:31:41,98.78,54.01,47.23,41.23,76.25,54.58,42.11,52.22,52.12
2026-08-05 20:31:42,98.58,53.70,46.21,40.48,75.93,53.99,41.94,51.85,51.88
2026-08-05 20:31:43,98.38,53.94,45.01,40.01,75.93,53.25,42.08,51.68,51.81
2026-08-05 20:31:44,98.19,53.68,43.99,39.57,76.06,52.70,41.93,51.33,51.58
2026-08-05 20:31:45,98.00,53.64,43.85,39.68,75.60,52.23,41.79,51.08,51.38
2026-08-05 20:31:46,97.82,53.37,44.18,40.01,74.78,51.60,41.77,50.58,51.17
2026-08-05 20:31:47,97.60,52.64,43.72,39.84,72.66,51.15,41.53,50.30,50.55
2026-08-05 20:31:48,97.41,51.57,43.70,39.52,69.80,50.75,41.52,49.89,50.02
2026-08-05 20:31:49,97.23,50.20,43.24,39.59,66.22,50.29,41.24,49.57,49.39
2026-08-05 20:31:50,97.06,48.77,42.20,39.11,62.79,49.91,41.07,49.02,48.87
2026-08-05 20:31:51,96.88,47.54,40.87,38.61,60.07,49.55,40.88,48.73,48.38
2026-08-05 20:31:52,96.72,46.52,40.04,38.20,57.82,49.03,40.73,48.13,47.73
2026-08-05 20:31:53,96.55,45.51,39.40,38.04,55.83,48.53,40.41,47.55,46.93
2026-08-05 20:31:54,96.40,44.45,38.84,38.24,54.12,48.14,40.23,47.18,46.55
2026-08-05 20:31:55,96.25,43.68,38.34,38.15,52.68,47.67,40.21,46.95,46.23
2026-08-05 20:31:56,96.13,42.97,37.70,37.95,51.26,47.28,40.13,46.57,45.82
2026-08-05 20:31:57,96.00,42.25,38.22,37.82,49.96,46.93,40.00,46.29,45.46