时间戳,T1,T2,T3,T4,T5,T6,T7,T8,T9
2026-08-08 16:51:39,24.91,24.99,25.05,24.96,25.24,24.79,24.86,24.83,24.79
2026-08-08 16:51:40,24.90,25.01,25.00,24.94,25.20,24.86,24.89,24.83,24.81
2026-08-08 16:51:41,24.88,25.00,25.05,24.93,25.21,24.78,24.91,24.83,24.89
2026-08-08 16:51:42,24.86,24.98,25.06,24.94,25.18,24.81,24.85,24.86,24.89
2026-08-08 16:51:43,24.83,24.99,25.03,24.90,25.18,24.79,24.86,24.81,24.90
2026-08-08 16:51:44,24.84,24.99,25.06,24.96,25.16,24.83,24.91,24.83,24.89
2026-08-08 16:51:45,24.85,24.99,25.05,24.93,25.16,24.76,24.86,24.86,24.89
2026-08-08 16:51:46,25.37,24.97,25.05,24.94,25.16,24.79,24.89,24.86,24.90
2026-08-08 16:51:47,26.16,24.96,25.06,24.96,25.21,24.73,24.91,24.83,24.89
2026-08-08 16:51:48,26.79,24.99,25.11,25.01,25.15,24.79,24.86,24.81,24.84
2026-08-08 16:51:49,27.25,25.01,25.08,25.09,25.12,24.76,24.88,24.86,24.81
2026-08-08 16:51:50,27.60,25.07,25.17,25.15,25.18,24.79,24.88,24.83,24.89
2026-08-08 16:51:51,27.90,25.17,25.22,25.20,25.23,24.83,24.91,24.85,24.90
2026-08-08 16:51:52,28.15,25.22,25.30,25.24,25.26,24.91,24.91,24.88,24.90
2026-08-08 16:51:53,28.46,25.36,25.42,25.40,25.34,24.79,24.96,24.99,25.00
2026-08-08 16:51:55,28.79,25.52,25.58,25.57,25.43,24.84,24.89,24.97,25.03
2026-08-08 16:51:56,28.92,25.60,25.65,25.68,25.51,24.83,24.94,25.07,25.05
2026-08-08 16:51:58,29.06,25.68,25.71,25.70,25.52,24.89,24.94,25.02,25.13
2026-08-08 16:51:59,29.21,25.76,25.79,25.84,25.63,24.87,24.96,25.09,25.16
2026-08-08 16:52:00,29.29,25.81,25.85,25.94,25.68,24.87,24.96,25.10,25.16
2026-08-08 16:52:01,29.42,25.91,25.94,25.93,25.79,24.91,24.96,25.20,25.16
2026-08-08 16:52:02,29.57,25.99,26.03,26.05,25.79,24.89,24.94,25.18,25.21
2026-08-08 16:52:03,29.66,26.09,26.09,26.11,25.88,24.94,25.01,25.29,25.30
2026-08-08 16:52:04,29.76,26.19,26.14,26.22,25.97,24.95,25.04,25.34,25.33
2026-08-08 16:52:05,29.88,26.24,26.27,26.28,26.00,24.98,25.09,25.37,25.40
2026-08-08 16:52:06,29.97,26.29,26.29,26.34,26.09,24.98,25.09,25.42,25.45
2026-08-08 16:52:07,30.07,26.38,26.44,26.43,26.15,24.92,25.09,25.48,25.45
2026-08-08 16:52:08,30.18,26.48,26.48,26.52,26.25,25.06,25.10,25.51,25.52
2026-08-08 16:52:09,30.26,26.60,26.59,26.61,26.31,25.06,25.05,25.53,25.56
2026-08-08 16:52:10,30.34,26.61,26.63,26.63,26.37,25.10,25.12,25.61,25.68
2026-08-08 16:52:11,30.44,26.71,26.75,26.73,26.40,25.11,25.12,25.62,25.62
2026-08-08 16:52:12,30.53,26.76,26.79,26.87,26.52,25.06,25.07,25.65,25.73
2026-08-08 16:52:13,30.64,26.87,26.91,26.91,26.62,25.11,25.18,25.78,25.70
2026-08-08 16:52:14,30.71,26.93,26.90,26.97,26.65,25.16,25.13,25.78,25.78
2026-08-08 16:52:15,30.80,27.01,27.01,27.07,26.76,25.19,25.21,25.84,25.81
2026-08-08 16:52:16,30.88,27.09,27.10,27.13,26.79,25.19,25.21,25.79,25.90
2026-08-08 16:52:17,30.96,27.17,27.16,27.19,26.87,25.14,25.17,25.89,25.96
2026-08-08 16:52:18,31.10,27.27,27.25,27.29,26.99,25.22,25.20,25.98,25.96
2026-08-08 16:52:19,31.15,27.31,27.32,27.38,27.02,25.22,25.24,26.04,25.99
2026-08-08 16:52:20,31.24,27.41,27.45,27.44,27.05,25.30,25.26,26.13,26.01
2026-08-08 16:52:21,31.32,27.50,27.48,27.51,27.17,25.30,25.26,26.12,26.06
2026-08-08 16:52:22,31.42,27.56,27.56,27.62,27.24,25.41,25.36,26.26,26.15
2026-08-08 16:52:23,31.48,27.62,27.65,27.67,27.34,25.39,25.31,26.23,26.24
2026-08-08 16:52:24,31.56,27.70,27.71,27.77,27.34,25.33,25.26,26.27,26.20
2026-08-08 16:52:25,31.65,27.74,27.76,27.80,27.45,25.44,25.36,26.41,26.39
2026-08-08 16:52:26,31.71,27.84,27.95,27.85,27.49,25.41,25.40,26.41,26.38
2026-08-08 16:52:27,31.80,27.94,27.95,27.93,27.59,25.44,25.42,26.47,26.43
2026-08-08 16:52:28,31.89,28.01,27.98,28.06,27.66,25.54,25.34,26.51,26.47
2026-08-08 16:52:29,31.98,28.09,28.08,28.13,27.69,25.58,25.39,26.50,26.59
2026-08-08 16:52:30,32.05,28.18,28.13,28.22,27.78,25.61,25.50,26.61,26.58
2026-08-08 16:52:31,32.12,28.23,28.22,28.30,27.82,25.57,25.42,26.64,26.59
2026-08-08 16:52:32,32.25,28.28,28.27,28.36,27.92,25.64,25.43,26.74,26.68
2026-08-08 16:52:33,32.39,28.36,28.37,28.37,27.99,25.71,25.48,26.70,26.74
2026-08-08 16:52:34,32.43,28.44,28.43,28.47,28.07,25.71,25.58,26.85,26.74
2026-08-08 16:52:35,32.48,28.49,28.50,28.53,28.16,25.68,25.61,26.91,26.77
2026-08-08 16:52:36,32.56,28.55,28.58,28.66,28.24,25.80,25.61,26.86,26.68
2026-08-08 16:52:37,32.63,28.63,28.66,28.70,28.31,25.75,25.61,26.89,26.93
2026-08-08 16:52:38,32.70,28.73,28.69,28.77,28.29,25.81,25.65,26.98,26.94
2026-08-08 16:52:39,32.77,28.78,28.80,28.87,28.39,25.80,25.61,27.05,27.02
2026-08-08 16:52:40,32.84,28.87,28.84,28.91,28.40,25.92,25.70,27.16,27.14
2026-08-08 16:52:41,32.93,28.95,29.03,28.92,28.53,25.94,25.68,27.20,27.14
2026-08-08 16:52:42,33.01,29.01,29.02,29.09,28.59,25.95,25.75,27.19,27.15
2026-08-08 16:52:43,33.11,29.09,29.09,29.13,28.68,25.98,25.67,27.22,27.19
2026-08-08 16:52:44,33.19,29.18,29.17,29.18,28.71,26.05,25.78,27.29,27.22
2026-08-08 16:52:45,33.26,29.26,29.25,29.27,28.82,26.09,25.84,27.32,27.37
2026-08-08 16:52:46,33.36,29.35,29.29,29.27,28.87,26.05,25.78,27.38,27.36
2026-08-08 16:52:47,33.44,29.42,29.36,29.35,28.93,26.14,25.81,27.47,27.42
2026-08-08 16:52:48,33.53,29.47,29.41,29.44,29.05,26.15,25.82,27.48,27.46
2026-08-08 16:52:49,33.61,29.54,29.51,29.48,29.05,26.21,25.82,27.53,27.43
2026-08-08 16:52:50,33.66,29.62,29.56,29.58,29.11,26.21,25.89,27.54,27.49
2026-08-08 16:52:51,33.74,29.68,29.64,29.59,29.16,26.27,25.89,27.59,27.62
2026-08-08 16:52:52,33.82,29.76,29.71,29.72,29.24,26.24,25.84,27.67,27.62
2026-08-08 16:52:53,33.89,29.84,29.75,29.76,29.32,26.27,25.90,27.66,27.71
2026-08-08 16:52:54,33.96,29.90,29.80,29.81,29.35,26.33,25.95,27.72,27.73
2026-08-08 16:52:55,33.99,29.95,29.95,29.88,29.39,26.38,25.93,27.76,27.77
2026-08-08 16:52:56,34.06,30.00,29.99,29.94,29.48,26.41,25.95,27.79,27.86
2026-08-08 16:52:57,34.11,30.05,30.05,30.01,29.50,26.43,25.99,27.89,27.87
2026-08-08 16:52:58,34.16,30.12,30.11,30.02,29.56,26.47,25.99,27.85,27.89
2026-08-08 16:52:59,34.22,30.18,30.16,30.12,29.56,26.53,26.03,28.02,27.96
2026-08-08 16:53:00,34.29,30.24,30.21,30.17,29.66,26.56,26.09,27.98,27.97
2026-08-08 16:53:01,34.35,30.30,30.32,30.24,29.73,26.55,26.03,28.03,28.02
2026-08-08 16:53:02,34.40,30.35,30.36,30.32,29.74,26.59,26.06,28.11,28.05
2026-08-08 16:53:03,34.46,30.43,30.43,30.38,29.83,26.64,26.10,28.15,28.16
2026-08-08 16:53:04,34.52,30.50,30.51,30.52,29.89,26.67,26.15,28.22,28.16
2026-08-08 16:53:05,34.57,30.57,30.55,30.56,29.94,26.71,26.19,28.22,28.23
2026-08-08 16:53:06,34.65,30.64,30.64,30.57,30.01,26.70,26.21,28.29,28.22
2026-08-08 16:53:07,34.72,30.69,30.71,30.70,30.09,26.71,26.27,28.28,28.31
2026-08-08 16:53:08,34.77,30.77,30.78,30.75,30.22,26.74,26.23,28.36,28.36
2026-08-08 16:53:09,34.84,30.84,30.82,30.80,30.17,26.83,26.21,28.41,28.38
2026-08-08 16:53:10,34.91,30.91,30.93,30.91,30.26,26.86,26.23,28.43,28.43
2026-08-08 16:53:11,34.99,31.00,30.98,30.93,30.34,26.95,26.27,28.48,28.48
2026-08-08 16:53:12,35.07,31.07,31.05,31.04,30.44,26.89,26.27,28.49,28.52
2026-08-08 16:53:13,35.17,31.14,31.14,31.13,30.47,26.95,26.29,28.59,28.55
2026-08-08 16:53:14,35.25,31.22,31.21,31.24,30.59,26.99,26.38,28.63,28.62
2026-08-08 16:53:15,35.37,31.38,31.32,31.32,30.73,27.01,26.41,28.75,28.73
2026-08-08 16:53:17,35.45,31.45,31.42,31.40,30.78,27.07,26.44,28.79,28.80
2026-08-08 16:53:18,35.52,31.50,31.47,31.49,30.88,27.11,26.45,28.82,28.83
2026-08-08 16:53:19,35.58,31.58,31.55,31.56,30.95,27.20,26.51,28.91,28.86
2026-08-08 16:53:20,35.66,31.63,31.64,31.62,31.03,27.16,26.53,28.89,28.99
2026-08-08 16:53:21,35.72,31.72,31.71,31.70,31.16,27.22,26.57,28.94,29.01
2026-08-08 16:53:22,35.77,31.80,31.79,31.79,31.24,27.26,26.61,29.04,29.11
2026-08-08 16:53:23,35.85,31.87,31.86,31.86,31.31,27.30,26.67,29.07,29.14
2026-08-08 16:53:24,35.90,31.94,31.92,31.96,31.44,27.39,26.57,29.09,29.14
2026-08-08 16:53:25,35.99,32.03,32.01,32.02,31.50,27.39,26.70,29.15,29.31
2026-08-08 16:53:26,36.06,32.09,32.07,32.09,31.59,27.42,26.67,29.21,29.29
2026-08-08 16:53:27,36.13,32.16,32.20,32.19,31.69,27.45,26.73,29.30,29.36
2026-08-08 16:53:28,36.20,32.27,32.24,32.28,31.82,27.52,26.68,29.32,29.38
2026-08-08 16:53:29,36.26,32.36,32.34,32.32,31.91,27.64,26.79,29.38,29.46
2026-08-08 16:53:30,36.32,32.48,32.49,32.39,32.00,27.64,26.80,29.47,29.53
2026-08-08 16:53:31,36.39,32.53,32.54,32.48,32.06,27.58,26.79,29.52,29.56
2026-08-08 16:53:32,36.46,32.55,32.58,32.59,32.20,27.64,26.85,29.56,29.65
2026-08-08 16:53:33,36.54,32.64,32.66,32.74,32.27,27.62,26.83,29.59,29.68
2026-08-08 16:53:34,36.59,32.68,32.73,32.82,32.33,27.77,26.91,29.67,29.73
2026-08-08 16:53:35,36.67,32.77,32.79,32.87,32.38,27.76,26.86,29.78,29.73
2026-08-08 16:53:36,36.76,32.87,32.89,32.88,32.52,27.80,26.89,29.83,29.77
2026-08-08 16:53:37,36.85,32.91,32.95,32.92,32.53,27.86,26.89,29.92,29.86
2026-08-08 16:53:38,36.97,33.00,33.03,33.07,32.77,27.93,26.94,29.98,29.94
2026-08-08 16:53:39,37.01,33.06,33.11,33.08,32.77,27.91,26.95,30.06,29.95
2026-08-08 16:53:40,37.09,33.15,33.21,33.13,32.81,27.97,27.03,30.14,30.02
2026-08-08 16:53:41,37.17,33.24,33.27,33.21,32.91,27.99,26.97,30.17,30.03
2026-08-08 16:53:42,37.25,33.32,33.33,33.27,32.97,28.10,27.04,30.20,30.10
2026-08-08 16:53:43,37.36,33.42,33.39,33.35,33.04,28.00,27.01,30.29,30.19
2026-08-08 16:53:44,37.41,33.46,33.46,33.42,33.10,28.10,27.05,30.38,30.17
2026-08-08 16:53:45,37.49,33.53,33.51,33.47,33.16,28.16,27.14,30.41,30.25
2026-08-08 16:53:46,37.57,33.62,33.58,33.52,33.27,28.19,27.11,30.48,30.30
2026-08-08 16:53:47,37.66,33.70,33.66,33.64,33.34,28.24,27.10,30.53,30.36
2026-08-08 16:53:48,37.73,33.78,33.69,33.70,33.40,28.19,27.19,30.64,30.37
2026-08-08 16:53:49,37.80,33.84,33.82,33.77,33.52,28.30,27.19,30.72,30.45
2026-08-08 16:53:50,37.86,33.92,33.89,33.81,33.53,28.37,27.23,30.73,30.53
2026-08-08 16:53:51,37.96,33.99,33.92,33.89,33.58,28.34,27.22,30.82,30.58
2026-08-08 16:53:52,38.02,34.04,34.06,33.98,33.65,28.44,27.31,30.91,30.66
2026-08-08 16:53:53,38.11,34.09,34.08,34.06,33.73,28.44,27.29,30.95,30.66
2026-08-08 16:53:54,38.16,34.20,34.14,34.14,33.75,28.51,27.32,31.06,30.74
2026-08-08 16:53:55,38.20,34.24,34.25,34.21,33.79,28.52,27.35,31.04,30.78
2026-08-08 16:53:56,38.26,34.28,34.28,34.27,33.89,28.55,27.34,31.17,30.81
2026-08-08 16:53:57,38.31,34.35,34.35,34.35,33.91,28.62,27.37,31.20,30.90
2026-08-08 16:53:58,38.37,34.42,34.42,34.40,33.96,28.65,27.44,31.22,30.95
2026-08-08 16:53:59,38.45,34.48,34.48,34.43,34.01,28.69,27.48,31.29,30.98
2026-08-08 16:54:00,38.49,34.53,34.54,34.51,34.10,28.72,27.45,31.33,31.04
2026-08-08 16:54:01,38.54,34.60,34.60,34.58,34.13,28.72,27.51,31.38,31.08
2026-08-08 16:54:02,38.63,34.69,34.66,34.65,34.29,28.79,27.57,31.48,31.18
2026-08-08 16:54:03,38.69,34.73,34.78,34.71,34.30,28.75,27.59,31.47,31.18
2026-08-08 16:54:04,38.77,34.80,34.82,34.74,34.32,28.79,27.57,31.57,31.20
2026-08-08 16:54:05,38.81,34.86,34.87,34.88,34.41,28.89,27.63,31.61,31.31
2026-08-08 16:54:06,38.89,34.92,34.95,34.89,34.43,28.93,27.66,31.66,31.36
2026-08-08 16:54:07,38.96,34.99,34.99,34.93,34.49,28.99,27.66,31.74,31.40
2026-08-08 16:54:08,39.03,35.04,35.10,35.02,34.56,29.01,27.70,31.78,31.38
2026-08-08 16:54:09,39.08,35.11,35.14,35.11,34.62,29.01,27.77,31.83,31.46
2026-08-08 16:54:10,39.16,35.17,35.21,35.17,34.72,29.07,27.70,31.90,31.47
2026-08-08 16:54:11,39.23,35.23,35.25,35.20,34.76,29.14,27.75,31.93,31.55
2026-08-08 16:54:12,39.28,35.30,35.30,35.24,34.83,29.17,27.77,32.02,31.63
2026-08-08 16:54:13,39.37,35.36,35.40,35.30,34.84,29.12,27.80,32.09,31.62
2026-08-08 16:54:14,39.42,35.46,35.42,35.38,34.90,29.14,27.83,32.09,31.68
2026-08-08 16:54:15,39.48,35.51,35.52,35.46,35.02,29.26,27.79,32.19,31.73
2026-08-08 16:54:16,39.56,35.56,35.54,35.51,35.02,29.28,27.88,32.18,31.78
2026-08-08 16:54:17,39.62,35.60,35.63,35.57,35.04,29.26,27.83,32.24,31.88
2026-08-08 16:54:18,39.69,35.68,35.69,35.64,35.15,29.33,27.96,32.33,31.92
2026-08-08 16:54:19,39.73,35.74,35.78,35.69,35.19,29.38,27.95,32.41,31.95
2026-08-08 16:54:20,39.79,35.79,35.80,35.74,35.23,29.44,28.02,32.45,31.99
2026-08-08 16:54:21,39.86,35.86,35.92,35.85,35.29,29.47,28.01,32.43,32.04
2026-08-08 16:54:22,39.94,35.90,35.91,35.87,35.33,29.47,28.08,32.49,32.05
2026-08-08 16:54:23,40.00,35.98,35.98,35.90,35.38,29.47,28.03,32.63,32.14
2026-08-08 16:54:24,40.06,36.03,36.04,35.96,35.42,29.54,28.11,32.60,32.15
2026-08-08 16:54:25,40.11,36.10,36.06,36.03,35.52,29.66,28.15,32.69,32.23
2026-08-08 16:54:26,40.17,36.15,36.13,36.06,35.54,29.64,28.15,32.78,32.23
2026-08-08 16:54:27,40.23,36.23,36.19,36.12,35.60,29.68,28.18,32.78,32.30
2026-08-08 16:54:28,40.30,36.26,36.27,36.21,35.66,29.75,28.24,32.85,32.30
2026-08-08 16:54:29,40.37,36.31,36.30,36.25,35.75,29.83,28.22,32.94,32.40
2026-08-08 16:54:30,40.42,36.37,36.39,36.32,35.75,29.83,28.26,32.90,32.38
2026-08-08 16:54:31,40.51,36.44,36.40,36.36,35.86,29.83,28.26,32.97,32.45
2026-08-08 16:54:32,40.57,36.51,36.45,36.38,35.86,29.90,28.32,33.05,32.49
2026-08-08 16:54:33,40.64,36.57,36.52,36.46,35.94,29.93,28.31,33.06,32.55
2026-08-08 16:54:34,40.72,36.62,36.55,36.51,35.98,29.93,28.31,33.06,32.55
2026-08-08 16:54:35,40.78,36.69,36.65,36.56,36.06,29.98,28.35,33.13,32.55
2026-08-08 16:54:36,40.91,36.77,36.71,36.63,36.15,30.09,28.42,33.24,32.70
2026-08-08 16:54:38,40.96,36.86,36.81,36.67,36.18,30.10,28.42,33.25,32.64
2026-08-08 16:54:39,41.06,36.95,36.88,36.76,36.26,30.18,28.46,33.35,32.63
2026-08-08 16:54:41,41.11,36.99,36.91,36.84,36.31,30.15,28.43,33.36,32.70
2026-08-08 16:54:42,41.15,37.05,36.99,36.87,36.34,30.22,28.43,33.40,32.84
2026-08-08 16:54:43,41.19,37.07,37.01,36.94,36.38,30.23,28.51,33.43,32.83
2026-08-08 16:54:44,41.24,37.10,37.08,36.96,36.41,30.19,28.51,33.47,32.87
2026-08-08 16:54:45,41.28,37.16,37.13,36.98,36.46,30.21,28.49,33.43,32.89
2026-08-08 16:54:46,41.32,37.21,37.15,37.06,36.49,30.29,28.52,33.53,32.90
2026-08-08 16:54:47,41.37,37.26,37.24,37.09,36.52,30.26,28.49,33.57,32.99
2026-08-08 16:54:48,41.40,37.29,37.25,37.19,36.54,30.25,28.52,33.59,33.01
2026-08-08 16:54:49,41.45,37.34,37.30,37.21,36.58,30.34,28.55,33.63,33.01
2026-08-08 16:54:50,41.50,37.39,37.38,37.25,36.65,30.30,28.53,33.66,33.05
2026-08-08 16:54:51,41.53,37.43,37.36,37.31,36.64,30.27,28.56,33.67,33.07
2026-08-08 16:54:52,41.57,37.47,37.45,37.36,36.72,30.29,28.62,33.71,33.16
2026-08-08 16:54:53,41.62,37.54,37.53,37.43,36.74,30.33,28.60,33.76,33.16
2026-08-08 16:54:54,41.67,37.56,37.52,37.44,36.79,30.37,28.62,33.79,33.19
2026-08-08 16:54:55,41.72,37.62,37.58,37.51,36.79,30.38,28.66,33.78,33.21
2026-08-08 16:54:56,41.78,37.67,37.62,37.53,36.86,30.39,28.65,33.84,33.23
2026-08-08 16:54:57,41.84,37.72,37.68,37.59,36.92,30.49,28.67,33.90,33.26
2026-08-08 16:54:58,41.88,37.75,37.70,37.61,36.92,30.50,28.66,33.90,33.30
2026-08-08 16:54:59,41.95,37.82,37.74,37.68,36.98,30.49,28.72,33.98,33.35
2026-08-08 16:55:00,42.00,37.86,37.79,37.69,37.07,30.54,28.73,34.01,33.43
2026-08-08 16:55:01,42.06,37.90,37.85,37.73,37.09,30.62,28.72,34.00,33.39
2026-08-08 16:55:02,42.12,37.95,37.89,37.77,37.18,30.71,28.80,34.10,33.50
2026-08-08 16:55:03,42.18,38.03,37.93,37.79,37.20,30.71,28.80,34.11,33.53
2026-08-08 16:55:04,42.24,38.04,37.95,37.82,37.24,30.76,28.77,34.14,33.58
2026-08-08 16:55:05,42.29,38.08,37.99,37.92,37.26,30.84,28.84,34.20,33.63
2026-08-08 16:55:06,42.34,38.13,38.08,37.95,37.30,30.84,28.89,34.23,33.63
2026-08-08 16:55:07,42.37,38.19,38.08,37.95,37.31,30.88,28.87,34.30,33.73
2026-08-08 16:55:08,42.42,38.24,38.12,38.00,37.37,30.97,28.91,34.33,33.73
2026-08-08 16:55:09,42.46,38.26,38.24,38.04,37.39,30.97,28.90,34.33,33.80
2026-08-08 16:55:10,42.49,38.29,38.26,38.08,37.42,31.00,28.94,34.34,33.80
2026-08-08 16:55:11,42.54,38.32,38.25,38.11,37.47,30.94,28.93,34.38,33.82
2026-08-08 16:55:12,42.58,38.35,38.31,38.16,37.47,31.07,29.01,34.44,33.87
2026-08-08 16:55:13,42.62,38.38,38.37,38.18,37.52,31.07,28.96,34.48,33.90
2026-08-08 16:55:14,42.66,38.42,38.36,38.22,37.55,31.11,29.04,34.49,34.00
2026-08-08 16:55:15,42.70,38.46,38.41,38.30,37.58,31.15,29.02,34.51,33.93
2026-08-08 16:55:16,42.74,38.49,38.44,38.32,37.61,31.16,29.00,34.55,33.94
2026-08-08 16:55:17,42.77,38.53,38.48,38.33,37.62,31.13,29.12,34.55,34.05
2026-08-08 16:55:18,42.83,38.56,38.53,38.41,37.65,31.18,29.14,34.62,34.06
2026-08-08 16:55:19,42.87,38.59,38.57,38.45,37.69,31.16,29.11,34.63,34.09
2026-08-08 16:55:20,42.89,38.63,38.59,38.45,37.73,31.20,29.14,34.65,34.09
2026-08-08 16:55:21,42.96,38.66,38.64,38.49,37.75,31.25,29.19,34.69,34.09
2026-08-08 16:55:22,43.00,38.70,38.67,38.57,37.79,31.25,29.15,34.70,34.17
2026-08-08 16:55:23,43.04,38.75,38.68,38.58,37.82,31.32,29.22,34.74,34.20
2026-08-08 16:55:24,43.08,38.78,38.74,38.61,37.84,31.36,29.25,34.76,34.26
2026-08-08 16:55:25,43.14,38.80,38.75,38.66,37.87,31.32,29.29,34.81,34.24
2026-08-08 16:55:26,43.19,38.85,38.79,38.67,37.92,31.40,29.30,34.85,34.31
2026-08-08 16:55:27,43.25,38.88,38.86,38.71,38.00,31.37,29.26,34.87,34.29
2026-08-08 16:55:28,43.29,38.92,38.87,38.75,38.02,31.47,29.37,34.85,34.36
2026-08-08 16:55:29,43.35,38.97,38.92,38.76,38.05,31.52,29.33,34.92,34.40
2026-08-08 16:55:30,43.40,39.02,38.91,38.79,38.09,31.54,29.29,34.96,34.40
2026-08-08 16:55:31,43.44,39.04,38.95,38.84,38.09,31.54,29.37,34.99,34.43
2026-08-08 16:55:32,43.51,39.06,38.98,38.83,38.09,31.60,29.40,34.99,34.51
2026-08-08 16:55:33,43.54,39.11,39.02,38.88,38.16,31.65,29.43,35.06,34.52
2026-08-08 16:55:34,43.57,39.15,39.06,38.90,38.18,31.64,29.45,35.06,34.53
2026-08-08 16:55:35,43.60,39.17,39.09,38.94,38.19,31.69,29.52,35.10,34.60
2026-08-08 16:55:36,43.62,39.21,39.11,38.94,38.28,31.66,29.36,35.12,34.58
2026-08-08 16:55:37,43.66,39.21,39.14,39.02,38.27,31.70,29.56,35.17,34.66
2026-08-08 16:55:38,43.69,39.25,39.19,39.02,38.26,31.74,29.60,35.19,34.74
2026-08-08 16:55:39,43.72,39.26,39.22,39.05,38.32,31.70,29.64,35.18,34.74
2026-08-08 16:55:40,43.75,39.30,39.24,39.07,38.31,31.73,29.67,35.22,34.71
2026-08-08 16:55:41,43.77,39.33,39.26,39.12,38.33,31.73,29.66,35.23,34.79
2026-08-08 16:55:42,43.81,39.34,39.29,39.12,38.38,31.71,29.75,35.27,34.84
2026-08-08 16:55:43,43.85,39.38,39.30,39.19,38.38,31.75,29.73,35.31,34.86
2026-08-08 16:55:44,43.86,39.39,39.36,39.18,38.41,31.78,29.74,35.32,34.88
2026-08-08 16:55:45,43.88,39.43,39.37,39.25,38.47,31.76,29.85,35.34,34.95
2026-08-08 16:55:46,43.92,39.46,39.39,39.25,38.49,31.79,29.92,35.38,34.94
2026-08-08 16:55:47,43.95,39.49,39.44,39.27,38.48,31.79,29.93,35.43,35.02
2026-08-08 16:55:48,43.98,39.52,39.45,39.33,38.49,31.84,29.93,35.43,35.06
2026-08-08 16:55:49,44.02,39.54,39.49,39.36,38.56,31.88,29.97,35.47,35.05
2026-08-08 16:55:50,44.06,39.58,39.52,39.37,38.56,31.87,29.98,35.47,35.10
2026-08-08 16:55:51,44.10,39.59,39.53,39.39,38.62,31.92,30.06,35.50,35.16
2026-08-08 16:55:52,44.13,39.64,39.57,39.41,38.59,31.97,30.13,35.51,35.19
2026-08-08 16:55:53,44.17,39.64,39.56,39.43,38.66,31.99,30.09,35.54,35.18
2026-08-08 16:55:54,44.21,39.69,39.59,39.44,38.66,31.95,30.24,35.60,35.21
2026-08-08 16:55:55,44.25,39.72,39.63,39.47,38.75,32.00,30.18,35.61,35.31
2026-08-08 16:55:56,44.29,39.75,39.65,39.48,38.75,32.00,30.24,35.62,35.25
2026-08-08 16:55:57,44.34,39.77,39.67,39.52,38.78,31.99,30.27,35.65,35.28
2026-08-08 16:55:58,44.38,39.79,39.67,39.55,38.81,32.05,30.25,35.65,35.30
2026-08-08 16:55:59,44.41,39.83,39.71,39.59,38.82,32.17,30.38,35.67,35.34
2026-08-08 16:56:00,44.44,39.86,39.75,39.57,38.86,32.15,30.38,35.78,35.39
2026-08-08 16:56:02,44.48,39.90,39.80,39.62,38.87,32.17,30.36,35.76,35.41
2026-08-08 16:56:04,44.49,39.92,39.83,39.67,38.89,32.19,30.40,35.78,35.44
2026-08-08 16:56:05,44.51,39.93,39.85,39.68,38.88,32.19,30.40,35.79,35.44
2026-08-08 16:56:06,44.53,39.94,39.86,39.70,38.92,32.15,30.40,35.81,35.46
2026-08-08 16:56:07,44.55,39.98,39.89,39.73,38.95,32.18,30.42,35.83,35.45
2026-08-08 16:56:08,44.56,39.98,39.89,39.75,38.96,32.18,30.44,35.84,35.48
2026-08-08 16:56:09,44.57,39.99,39.93,39.78,38.97,32.22,30.48,35.83,35.46
2026-08-08 16:56:10,44.59,40.02,39.92,39.79,38.96,32.29,30.46,35.86,35.50
2026-08-08 16:56:11,44.60,40.02,39.95,39.84,38.99,32.27,30.46,35.88,35.50
2026-08-08 16:56:12,44.60,40.04,39.95,39.87,39.01,32.19,30.49,35.87,35.50
2026-08-08 16:56:13,44.62,40.05,39.98,39.87,39.01,32.24,30.50,35.90,35.51
2026-08-08 16:56:14,44.65,40.06,40.04,39.87,39.04,32.24,30.52,35.88,35.56
2026-08-08 16:56:15,44.66,40.10,40.03,39.88,39.06,32.17,30.48,35.92,35.58
2026-08-08 16:56:16,44.69,40.10,40.05,39.92,39.08,32.19,30.50,35.92,35.56
2026-08-08 16:56:17,44.69,40.13,40.04,39.93,39.09,32.18,30.49,35.90,35.55
2026-08-08 16:56:18,44.71,40.16,40.05,39.96,39.12,32.20,30.49,35.93,35.58
2026-08-08 16:56:19,44.74,40.18,40.08,39.99,39.14,32.23,30.50,35.97,35.59
2026-08-08 16:56:20,44.76,40.18,40.13,40.00,39.16,32.23,30.58,36.00,35.75
2026-08-08 16:56:21,44.79,40.22,40.14,40.02,39.17,32.19,30.53,35.96,35.61
2026-08-08 16:56:22,44.82,40.23,40.12,39.99,39.20,32.25,30.52,36.00,35.64
2026-08-08 16:56:23,44.82,40.24,40.14,40.02,39.19,32.29,30.53,36.04,35.65
2026-08-08 16:56:24,44.85,40.26,40.18,40.02,39.24,32.28,30.52,36.08,35.63
2026-08-08 16:56:25,44.87,40.28,40.19,40.04,39.31,32.32,30.56,36.06,35.68
2026-08-08 16:56:26,44.89,40.30,40.19,40.06,39.27,32.35,30.52,36.08,35.68
2026-08-08 16:56:27,44.90,40.32,40.22,40.08,39.31,32.39,30.58,36.12,35.68
2026-08-08 16:56:28,44.92,40.32,40.22,40.10,39.29,32.40,30.58,36.08,35.72
2026-08-08 16:56:29,44.92,40.33,40.22,40.10,39.30,32.45,30.60,36.15,35.73
2026-08-08 16:56:30,44.93,40.35,40.23,40.13,39.33,32.49,30.57,36.13,35.73
2026-08-08 16:56:31,44.95,40.35,40.27,40.15,39.33,32.54,30.62,36.17,35.76
2026-08-08 16:56:32,44.95,40.37,40.30,40.16,39.33,32.54,30.58,36.16,35.72
2026-08-08 16:56:33,44.95,40.38,40.29,40.16,39.34,32.58,30.64,36.20,35.79
2026-08-08 16:56:34,44.96,40.38,40.31,40.17,39.37,32.59,30.62,36.17,35.80
2026-08-08 16:56:35,44.97,40.41,40.33,40.19,39.36,32.60,30.65,36.19,35.82
2026-08-08 16:56:36,44.98,40.40,40.32,40.17,39.38,32.70,30.68,36.25,35.89
2026-08-08 16:56:37,44.98,40.41,40.34,40.21,39.38,32.69,30.65,36.26,35.84
2026-08-08 16:56:38,44.99,40.43,40.37,40.21,39.38,32.67,30.70,36.25,35.89
2026-08-08 16:56:39,44.99,40.44,40.37,40.20,39.44,32.78,30.79,36.27,35.89
2026-08-08 16:56:40,45.01,40.46,40.41,40.26,39.44,32.74,30.74,36.30,35.90
2026-08-08 16:56:41,45.01,40.45,40.41,40.22,39.45,32.83,30.73,36.35,35.92
2026-08-08 16:56:42,45.01,40.48,40.41,40.24,39.44,32.85,30.81,36.36,35.97
2026-08-08 16:56:43,45.01,40.48,40.40,40.29,39.43,32.85,30.85,36.34,35.92
2026-08-08 16:56:44,45.03,40.49,40.45,40.28,39.49,32.89,30.87,36.39,35.99
2026-08-08 16:56:45,45.03,40.49,40.43,40.33,39.49,32.88,30.89,36.39,35.98
2026-08-08 16:56:46,45.04,40.50,40.46,40.32,39.49,32.89,30.94,36.39,36.03
2026-08-08 16:56:47,45.06,40.53,40.47,40.34,39.49,32.91,30.95,36.40,36.03
2026-08-08 16:56:48,45.07,40.52,40.45,40.33,39.51,32.92,30.99,36.42,36.04
2026-08-08 16:56:49,45.07,40.54,40.47,40.38,39.53,32.94,30.99,36.41,36.16
2026-08-08 16:56:50,45.08,40.54,40.49,40.37,39.56,32.96,31.07,36.46,36.17
2026-08-08 16:56:51,45.09,40.57,40.50,40.38,39.53,32.97,31.12,36.44,36.17
2026-08-08 16:56:52,45.10,40.57,40.51,40.38,39.56,32.96,31.12,36.50,36.19
2026-08-08 16:56:53,45.11,40.57,40.52,40.42,39.59,32.99,31.16,36.52,36.16
2026-08-08 16:56:54,45.11,40.58,40.52,40.42,39.59,33.00,31.15,36.49,36.17
2026-08-08 16:56:55,45.13,40.58,40.55,40.43,39.59,33.05,31.19,36.47,36.23
2026-08-08 16:56:56,45.14,40.59,40.53,40.43,39.61,33.13,31.28,36.53,36.28
2026-08-08 16:56:57,45.14,40.62,40.54,40.45,39.63,33.10,31.19,36.51,36.28
2026-08-08 16:56:58,45.16,40.61,40.57,40.48,39.64,33.13,31.25,36.55,36.29
2026-08-08 16:56:59,45.17,40.63,40.56,40.45,39.63,33.08,31.24,36.55,36.28
2026-08-08 16:57:00,45.20,40.64,40.59,40.47,39.66,33.16,31.29,36.61,36.29
2026-08-08 16:57:01,45.21,40.64,40.62,40.47,39.65,33.22,31.28,36.61,36.32
2026-08-08 16:57:02,45.22,40.64,40.62,40.47,39.68,33.21,31.24,36.60,36.32
2026-08-08 16:57:03,45.23,40.67,40.60,40.46,39.70,33.23,31.26,36.63,36.33
2026-08-08 16:57:04,45.25,40.66,40.62,40.51,39.72,33.23,31.29,36.62,36.37
2026-08-08 16:57:05,45.26,40.66,40.63,40.51,39.73,33.27,31.29,36.62,36.40
2026-08-08 16:57:06,45.28,40.69,40.64,40.51,39.76,33.31,31.28,36.69,36.36
2026-08-08 16:57:07,45.29,40.70,40.67,40.50,39.76,33.35,31.29,36.67,36.39
2026-08-08 16:57:08,45.30,40.72,40.69,40.52,39.78,33.39,31.37,36.63,36.42
2026-08-08 16:57:09,45.31,40.73,40.65,40.50,39.79,33.42,31.33,36.71,36.41
2026-08-08 16:57:10,45.33,40.73,40.68,40.52,39.78,33.39,31.39,36.70,36.42
2026-08-08 16:57:11,45.34,40.75,40.71,40.52,39.83,33.47,31.44,36.71,36.46
2026-08-08 16:57:12,45.35,40.76,40.69,40.54,39.82,33.47,31.43,36.75,36.47
2026-08-08 16:57:13,45.38,40.77,40.73,40.55,39.83,33.53,31.41,36.76,36.48
2026-08-08 16:57:14,45.39,40.77,40.75,40.58,39.85,33.47,31.44,36.73,36.48
2026-08-08 16:57:15,45.39,40.79,40.72,40.57,39.87,33.50,31.43,36.72,36.46
2026-08-08 16:57:16,45.40,40.79,40.71,40.57,39.85,33.53,31.47,36.80,36.49
2026-08-08 16:57:17,45.42,40.80,40.71,40.59,39.87,33.56,31.50,36.82,36.50
2026-08-08 16:57:18,45.43,40.80,40.75,40.62,39.89,33.62,31.53,36.79,36.51
2026-08-08 16:57:19,45.42,40.81,40.74,40.60,39.91,33.62,31.52,36.79,36.59
2026-08-08 16:57:20,45.42,40.81,40.76,40.60,39.90,33.63,31.51,36.80,36.57
2026-08-08 16:57:21,45.43,40.81,40.74,40.63,39.87,33.69,31.52,36.83,36.58
2026-08-08 16:57:22,45.42,40.81,40.72,40.64,39.90,33.73,31.47,36.82,36.54
2026-08-08 16:57:23,45.42,40.83,40.77,40.63,39.89,33.71,31.53,36.84,36.57
2026-08-08 16:57:24,45.41,40.81,40.78,40.68,39.89,33.73,31.57,36.82,36.55
2026-08-08 16:57:25,45.41,40.82,40.77,40.70,39.90,33.76,31.52,36.84,36.59
2026-08-08 16:57:26,45.41,40.83,40.79,40.69,39.90,33.78,31.60,36.88,36.62
2026-08-08 16:57:27,45.41,40.82,40.81,40.66,39.91,33.84,31.58,36.88,36.65
2026-08-08 16:57:28,45.41,40.83,40.80,40.66,39.92,33.84,31.61,36.90,36.63
2026-08-08 16:57:29,45.42,40.84,40.81,40.67,39.91,33.90,31.60,36.89,36.64
2026-08-08 16:57:30,45.43,40.83,40.80,40.66,39.92,33.92,31.60,36.92,36.65
2026-08-08 16:57:31,45.44,40.84,40.79,40.69,39.94,33.97,31.66,36.97,36.68
2026-08-08 16:57:32,45.46,40.84,40.81,40.68,39.95,33.99,31.64,36.92,36.68
2026-08-08 16:57:33,45.47,40.84,40.83,40.71,39.96,34.02,31.61,36.96,36.69
2026-08-08 16:57:34,45.47,40.85,40.82,40.69,39.98,34.02,31.65,36.96,36.68
2026-08-08 16:57:35,45.49,40.87,40.86,40.72,40.00,34.06,31.69,36.97,36.71
2026-08-08 16:57:36,45.51,40.88,40.82,40.69,40.00,34.08,31.64,36.98,36.69
2026-08-08 16:57:37,45.52,40.90,40.87,40.71,40.02,34.13,31.67,37.00,36.64
2026-08-08 16:57:38,45.53,40.88,40.86,40.70,40.00,34.16,31.70,37.02,36.76
2026-08-08 16:57:39,45.53,40.90,40.87,40.71,40.04,34.22,31.65,36.99,36.73
2026-08-08 16:57:40,45.54,40.89,40.87,40.72,40.04,34.16,31.71,37.04,36.79
2026-08-08 16:57:41,45.55,40.90,40.87,40.71,40.06,34.15,31.67,37.03,36.77
2026-08-08 16:57:42,45.57,40.91,40.88,40.72,40.08,34.17,31.76,37.06,36.77
2026-08-08 16:57:43,45.57,40.92,40.90,40.71,40.09,34.24,31.78,37.04,36.75
2026-08-08 16:57:44,45.58,40.94,40.89,40.74,40.08,34.24,31.92,37.04,36.77
2026-08-08 16:57:45,45.60,40.94,40.88,40.76,40.11,34.22,31.80,37.03,36.83
2026-08-08 16:57:46,45.60,40.94,40.90,40.78,40.11,34.20,31.85,37.08,36.79
2026-08-08 16:57:47,45.61,40.94,40.87,40.77,40.11,34.28,31.84,37.11,36.83
2026-08-08 16:57:48,45.62,40.95,40.88,40.75,40.11,34.31,31.86,37.10,36.83
2026-08-08 16:57:49,45.63,40.96,40.91,40.76,40.15,34.28,31.89,37.08,36.87
2026-08-08 16:57:50,45.64,40.95,40.89,40.78,40.15,34.31,31.89,37.11,36.81
2026-08-08 16:57:51,45.62,40.96,40.90,40.80,40.15,34.37,31.88,37.09,36.84
2026-08-08 16:57:52,45.64,40.95,40.90,40.79,40.14,34.35,31.86,37.13,36.86
2026-08-08 16:57:53,45.65,40.97,40.92,40.79,40.15,34.36,31.89,37.13,36.87
2026-08-08 16:57:54,45.65,40.97,40.91,40.79,40.16,34.34,31.81,37.13,36.86
2026-08-08 16:57:55,45.66,40.96,40.93,40.80,40.17,34.38,31.85,37.13,36.86
2026-08-08 16:57:56,45.66,40.98,40.95,40.79,40.21,34.36,31.89,37.17,36.85
2026-08-08 16:57:57,45.66,40.98,40.92,40.79,40.22,34.38,31.89,37.16,36.85
2026-08-08 16:57:58,45.67,41.00,40.93,40.81,40.22,34.37,31.89,37.16,36.84
2026-08-08 16:57:59,45.67,40.99,40.95,40.80,40.22,34.36,31.85,37.17,36.85
2026-08-08 16:58:00,45.67,41.00,40.94,40.81,40.22,34.40,31.86,37.20,36.81
2026-08-08 16:58:01,45.67,41.00,40.96,40.81,40.22,34.43,31.88,37.18,36.85
2026-08-08 16:58:02,45.67,40.99,40.96,40.83,40.19,34.41,31.84,37.17,36.86
2026-08-08 16:58:03,45.67,40.99,40.96,40.81,40.23,34.40,31.84,37.23,36.85
2026-08-08 16:58:04,45.67,40.99,40.96,40.83,40.23,34.42,31.80,37.22,36.79
2026-08-08 16:58:05,45.68,41.00,40.97,40.81,40.22,34.42,31.81,37.23,36.85
2026-08-08 16:58:06,45.68,40.99,40.98,40.81,40.25,34.45,31.81,37.24,36.89
2026-08-08 16:58:07,45.69,40.99,40.98,40.84,40.23,34.47,31.83,37.24,36.84
2026-08-08 16:58:08,45.68,41.00,40.97,40.83,40.27,34.47,31.80,37.21,36.79
2026-08-08 16:58:09,45.68,41.00,40.97,40.88,40.23,34.42,31.78,37.25,36.77
2026-08-08 16:58:10,45.68,41.00,40.96,40.88,40.27,34.44,31.78,37.25,36.80
2026-08-08 16:58:11,45.68,41.00,41.01,40.88,40.25,34.42,31.75,37.25,36.77
2026-08-08 16:58:12,45.69,41.00,40.98,40.85,40.28,34.44,31.80,37.26,36.77
2026-08-08 16:58:13,45.70,41.00,41.00,40.92,40.25,34.44,31.76,37.24,36.77
2026-08-08 16:58:14,45.71,41.01,41.03,40.87,40.32,34.44,31.74,37.28,36.75
2026-08-08 16:58:15,45.72,41.00,40.99,40.90,40.32,34.44,31.71,37.28,36.72
2026-08-08 16:58:16,45.73,41.02,41.00,40.89,40.31,34.51,31.73,37.23,36.77
2026-08-08 16:58:17,45.75,41.03,40.99,40.92,40.32,34.51,31.70,37.23,36.73
2026-08-08 16:58:18,45.75,41.05,41.01,40.93,40.32,34.48,31.75,37.26,36.72
2026-08-08 16:58:19,45.78,41.03,41.04,40.91,40.35,34.47,31.69,37.28,36.76
2026-08-08 16:58:20,45.80,41.05,41.03,40.89,40.39,34.47,31.69,37.28,36.77
2026-08-08 16:58:21,45.81,41.07,41.00,40.92,40.39,34.47,31.69,37.27,36.72
2026-08-08 16:58:22,45.82,41.07,41.03,40.90,40.38,34.50,31.74,37.32,36.73
2026-08-08 16:58:23,45.82,41.06,41.03,40.87,40.40,34.54,31.74,37.26,36.79
2026-08-08 16:58:24,45.83,41.09,41.05,40.90,40.41,34.54,31.71,37.29,36.79
2026-08-08 16:58:25,45.84,41.07,41.04,40.93,40.41,34.50,31.69,37.30,36.76
2026-08-08 16:58:26,45.85,41.08,41.04,40.94,40.40,34.44,31.69,37.30,36.76
2026-08-08 16:58:27,45.85,41.08,41.04,40.90,40.42,34.42,31.69,37.27,36.79
2026-08-08 16:58:28,45.84,41.09,41.04,40.93,40.41,34.38,31.76,37.30,36.75
2026-08-08 16:58:29,45.85,41.08,41.05,40.90,40.42,34.40,31.71,37.29,36.79
2026-08-08 16:58:30,45.84,41.08,41.05,40.93,40.43,34.41,31.75,37.33,36.76
2026-08-08 16:58:31,45.85,41.08,41.06,40.92,40.42,34.36,31.70,37.31,36.77
2026-08-08 16:58:32,45.85,41.09,41.06,40.94,40.43,34.31,31.74,37.35,36.73
2026-08-08 16:58:33,45.85,41.07,41.06,40.94,40.41,34.33,31.75,37.30,36.72
2026-08-08 16:58:34,45.85,41.08,41.06,40.95,40.43,34.33,31.80,37.33,36.77
2026-08-08 16:58:35,45.84,41.09,41.07,40.92,40.46,34.31,31.79,37.35,36.75
2026-08-08 16:58:36,45.86,41.08,41.07,40.95,40.47,34.29,31.83,37.35,36.73
2026-08-08 16:58:37,45.85,41.08,41.08,40.96,40.45,34.27,31.76,37.32,36.71
2026-08-08 16:58:38,45.84,41.10,41.07,40.97,40.48,34.26,31.73,37.30,36.70
2026-08-08 16:58:39,45.85,41.09,41.07,40.95,40.47,34.22,31.73,37.33,36.61
2026-08-08 16:58:40,45.87,41.10,41.07,40.99,40.47,34.22,31.74,37.35,36.69
2026-08-08 16:58:41,45.88,41.09,41.11,40.96,40.49,34.20,31.69,37.33,36.66
2026-08-08 16:58:42,45.87,41.10,41.10,40.97,40.50,34.19,31.70,37.32,36.71
2026-08-08 16:58:43,45.88,41.10,41.08,40.98,40.50,34.16,31.73,37.33,36.68
2026-08-08 16:58:45,45.89,41.11,41.09,40.98,40.49,34.21,31.74,37.36,36.71
2026-08-08 16:58:46,45.90,41.12,41.07,40.98,40.52,34.16,31.75,37.36,36.66
2026-08-08 16:58:47,45.89,41.11,41.08,40.98,40.50,34.20,31.70,37.32,36.69
2026-08-08 16:58:48,45.90,41.10,41.09,40.98,40.54,34.21,31.74,37.35,36.69
2026-08-08 16:58:49,45.91,41.12,41.10,40.97,40.55,34.24,31.71,37.33,36.71
2026-08-08 16:58:50,45.92,41.12,41.11,41.00,40.55,34.21,31.74,37.33,36.72
2026-08-08 16:58:51,45.93,41.14,41.12,40.98,40.55,34.21,31.73,37.33,36.70
2026-08-08 16:58:52,45.94,41.12,41.12,41.01,40.56,34.24,31.69,37.32,36.71
2026-08-08 16:58:53,45.94,41.13,41.14,40.99,40.58,34.24,31.73,37.33,36.72
2026-08-08 16:58:54,45.94,41.14,41.09,40.98,40.59,34.30,31.76,37.38,36.71
2026-08-08 16:58:55,45.95,41.15,41.09,41.00,40.58,34.27,31.76,37.42,36.76
2026-08-08 16:58:56,45.97,41.15,41.14,41.00,40.60,34.31,31.75,37.39,36.74
2026-08-08 16:58:57,45.98,41.16,41.13,41.01,40.61,34.34,31.73,37.38,36.72
2026-08-08 16:58:58,46.00,41.17,41.11,41.01,40.64,34.34,31.75,37.37,36.73
2026-08-08 16:58:59,46.00,41.14,41.12,41.00,40.63,34.31,31.70,37.39,36.75
2026-08-08 16:59:00,46.01,41.15,41.13,41.02,40.64,34.31,31.75,37.41,36.77
2026-08-08 16:59:01,46.02,41.15,41.15,41.02,40.67,34.35,31.70,37.43,36.73
2026-08-08 16:59:02,46.03,41.17,41.15,41.02,40.64,34.40,31.74,37.39,36.75
2026-08-08 16:59:03,46.03,41.18,41.13,41.03,40.67,34.35,31.74,37.42,36.76
2026-08-08 16:59:04,46.03,41.19,41.12,41.03,40.67,34.38,31.74,37.42,36.73
2026-08-08 16:59:05,46.03,41.18,41.15,41.04,40.66,34.43,31.74,37.43,36.75
2026-08-08 16:59:06,46.03,41.17,41.14,41.06,40.66,34.38,31.73,37.45,36.77
2026-08-08 16:59:07,46.03,41.17,41.13,41.09,40.69,34.38,31.78,37.44,36.77
2026-08-08 16:59:08,46.02,41.18,41.14,41.08,40.68,34.44,31.74,37.46,36.74
2026-08-08 16:59:09,46.02,41.19,41.11,41.07,40.67,34.43,31.76,37.46,36.77
2026-08-08 16:59:10,46.01,41.18,41.13,41.08,40.66,34.49,31.76,37.51,36.77
2026-08-08 16:59:11,46.02,41.15,41.17,41.11,40.69,34.48,31.76,37.46,36.80
2026-08-08 16:59:12,46.02,41.16,41.15,41.08,40.66,34.51,31.78,37.49,36.80
2026-08-08 16:59:13,46.02,41.16,41.16,41.07,40.69,34.50,31.81,37.48,36.84
2026-08-08 16:59:14,46.02,41.17,41.19,41.09,40.69,34.54,31.83,37.54,36.86
2026-08-08 16:59:15,46.02,41.16,41.17,41.07,40.69,34.56,31.80,37.52,36.82
2026-08-08 16:59:16,46.03,41.18,41.17,41.09,40.72,34.57,31.81,37.54,36.87
2026-08-08 16:59:17,46.03,41.17,41.17,41.10,40.72,34.58,31.86,37.53,36.88
2026-08-08 16:59:18,46.04,41.18,41.16,41.10,40.73,34.54,31.85,37.56,36.89
2026-08-08 16:59:19,46.05,41.18,41.15,41.08,40.75,34.55,31.83,37.54,36.86
2026-08-08 16:59:20,46.05,41.17,41.16,41.09,40.74,34.59,31.79,37.58,36.86
2026-08-08 16:59:21,46.08,41.18,41.19,41.10,40.77,34.59,31.84,37.56,36.92
2026-08-08 16:59:22,46.09,41.21,41.18,41.10,40.77,34.63,31.81,37.54,36.91
2026-08-08 16:59:23,46.10,41.22,41.16,41.09,40.80,34.59,31.83,37.56,36.93
2026-08-08 16:59:24,46.11,41.22,41.17,41.11,40.82,34.62,31.81,37.57,36.87
2026-08-08 16:59:25,46.13,41.24,41.18,41.12,40.82,34.67,31.81,37.58,36.92
2026-08-08 16:59:26,46.13,41.23,41.19,41.09,40.79,34.64,31.86,37.58,36.94
2026-08-08 16:59:27,46.15,41.23,41.19,41.11,40.80,34.63,31.86,37.59,36.88
2026-08-08 16:59:28,46.14,41.23,41.21,41.10,40.82,34.65,31.83,37.57,36.93
2026-08-08 16:59:29,46.15,41.23,41.21,41.08,40.84,34.67,31.80,37.59,36.93
2026-08-08 16:59:30,46.15,41.24,41.20,41.11,40.83,34.65,31.85,37.58,36.96
2026-08-08 16:59:31,46.15,41.23,41.20,41.11,40.83,34.64,31.85,37.57,36.91
2026-08-08 16:59:32,46.15,41.24,41.21,41.13,40.85,34.67,31.88,37.58,36.92
2026-08-08 16:59:33,46.14,41.24,41.23,41.10,40.84,34.71,31.80,37.58,36.93
2026-08-08 16:59:34,46.14,41.23,41.22,41.11,40.84,34.72,31.86,37.58,36.97
2026-08-08 16:59:35,46.15,41.24,41.23,41.10,40.83,34.73,31.81,37.55,36.94
2026-08-08 16:59:36,46.14,41.23,41.23,41.14,40.80,34.77,31.83,37.60,36.98
2026-08-08 16:59:37,46.14,41.23,41.22,41.11,40.81,34.77,31.81,37.60,36.97
2026-08-08 16:59:38,46.14,41.22,41.22,41.14,40.82,34.72,31.85,37.64,36.94
2026-08-08 16:59:39,46.12,41.23,41.23,41.11,40.83,34.78,31.90,37.61,36.97
2026-08-08 16:59:40,46.12,41.24,41.22,41.14,40.84,34.77,31.84,37.59,36.97
2026-08-08 16:59:41,46.12,41.22,41.21,41.13,40.84,34.80,31.90,37.64,36.98
2026-08-08 16:59:42,46.13,41.22,41.24,41.18,40.86,34.78,31.88,37.68,36.97
2026-08-08 16:59:43,46.14,41.23,41.23,41.15,40.88,34.79,31.92,37.65,37.00
2026-08-08 16:59:44,46.14,41.24,41.24,41.16,40.88,34.74,31.92,37.66,37.02
2026-08-08 16:59:45,46.14,41.26,41.23,41.17,40.90,34.80,31.93,37.66,37.05
2026-08-08 16:59:46,46.16,41.24,41.24,41.17,40.91,34.78,31.98,37.69,37.02
2026-08-08 16:59:47,46.18,41.25,41.25,41.16,40.94,34.74,31.97,37.70,37.05
2026-08-08 16:59:48,46.18,41.27,41.24,41.17,40.91,34.75,31.97,37.66,37.04
2026-08-08 16:59:49,46.19,41.26,41.24,41.15,40.93,34.75,31.99,37.66,37.06
2026-08-08 16:59:50,46.20,41.26,41.23,41.17,40.94,34.71,31.95,37.65,37.04
2026-08-08 16:59:51,46.22,41.28,41.24,41.16,40.97,34.78,32.03,37.68,37.08
2026-08-08 16:59:52,46.23,41.29,41.24,41.16,41.00,34.73,32.04,37.66,37.05
2026-08-08 16:59:53,46.25,41.30,41.21,41.17,40.97,34.77,32.04,37.70,37.10
2026-08-08 16:59:54,46.26,41.30,41.25,41.20,40.99,34.77,32.10,37.70,37.08
2026-08-08 16:59:55,46.26,41.30,41.25,41.15,41.03,34.78,32.04,37.68,37.12
2026-08-08 16:59:56,46.26,41.31,41.24,41.19,41.05,34.77,32.07,37.66,37.11
2026-08-08 16:59:57,46.27,41.31,41.27,41.15,41.02,34.78,32.10,37.69,37.15
2026-08-08 16:59:58,46.28,41.31,41.25,41.16,41.03,34.77,32.07,37.72,37.12
2026-08-08 16:59:59,46.27,41.31,41.24,41.15,41.05,34.79,32.10,37.71,37.12
2026-08-08 17:00:00,46.26,41.32,41.24,41.17,41.03,34.75,32.07,37.72,37.14
2026-08-08 17:00:01,46.27,41.31,41.27,41.17,41.05,34.80,32.12,37.72,37.13
2026-08-08 17:00:03,46.26,41.30,41.29,41.16,41.05,34.77,32.10,37.72,37.15
2026-08-08 17:00:04,46.27,41.29,41.29,41.19,41.03,34.79,32.10,37.73,37.12
2026-08-08 17:00:05,46.27,41.31,41.27,41.17,41.05,34.78,32.09,37.72,37.10
2026-08-08 17:00:06,46.26,41.30,41.26,41.20,41.06,34.81,32.08,37.70,37.11
2026-08-08 17:00:07,46.27,41.30,41.32,41.21,41.08,34.80,32.09,37.72,37.10
2026-08-08 17:00:08,46.27,41.30,41.29,41.18,41.06,34.79,32.10,37.74,37.09
2026-08-08 17:00:09,46.27,41.31,41.29,41.18,41.06,34.81,32.08,37.75,37.15
2026-08-08 17:00:10,46.26,41.31,41.30,41.18,41.07,34.80,32.05,37.76,37.14
2026-08-08 17:00:11,46.27,41.29,41.34,41.21,41.06,34.81,32.05,37.74,37.13
2026-08-08 17:00:12,46.27,41.29,41.31,41.24,41.09,34.81,32.08,37.75,37.11
2026-08-08 17:00:13,46.27,41.30,41.29,41.22,41.07,34.80,32.07,37.73,37.13
2026-08-08 17:00:14,46.27,41.30,41.31,41.21,41.09,34.82,32.12,37.76,37.12
2026-08-08 17:00:15,46.27,41.31,41.29,41.22,41.14,34.77,32.04,37.77,37.13
2026-08-08 17:00:16,46.28,41.31,41.30,41.22,41.09,34.81,32.10,37.74,37.17
2026-08-08 17:00:17,46.29,41.32,41.29,41.23,41.14,34.87,32.07,37.74,37.13
2026-08-08 17:00:18,46.29,41.32,41.30,41.23,41.12,34.83,32.05,37.76,37.15
2026-08-08 17:00:19,46.30,41.34,41.30,41.23,41.14,34.81,32.08,37.77,37.14
2026-08-08 17:00:20,46.31,41.35,41.30,41.25,41.14,34.85,32.03,37.76,37.17
2026-08-08 17:00:21,46.32,41.35,41.32,41.24,41.17,34.87,32.04,37.78,37.12
2026-08-08 17:00:22,46.34,41.35,41.33,41.24,41.16,34.88,32.08,37.75,37.15
2026-08-08 17:00:23,46.37,41.37,41.34,41.21,41.19,34.89,32.10,37.74,37.17
2026-08-08 17:00:24,46.38,41.37,41.31,41.23,41.21,34.80,32.09,37.80,37.14
2026-08-08 17:00:25,46.39,41.38,41.28,41.22,41.23,34.89,32.14,37.81,37.14
2026-08-08 17:00:26,46.39,41.37,41.31,41.23,41.19,34.90,32.13,37.78,37.15
2026-08-08 17:00:27,46.40,41.37,41.34,41.24,41.19,34.90,32.14,37.77,37.17
2026-08-08 17:00:28,46.40,41.39,41.33,41.25,41.19,34.92,32.17,37.81,37.21
2026-08-08 17:00:29,46.40,41.39,41.35,41.24,41.18,34.88,32.14,37.81,37.19
2026-08-08 17:00:30,46.39,41.37,41.34,41.24,41.20,34.92,32.19,37.83,37.21
2026-08-08 17:00:31,46.39,41.37,41.33,41.22,41.22,34.95,32.22,37.80,37.23
2026-08-08 17:00:32,46.39,41.37,41.36,41.24,41.18,34.94,32.22,37.81,37.20
2026-08-08 17:00:33,46.39,41.38,41.36,41.23,41.23,34.90,32.23,37.81,37.22
2026-08-08 17:00:34,46.40,41.38,41.36,41.24,41.19,34.92,32.29,37.81,37.25
2026-08-08 17:00:35,46.41,41.37,41.36,41.23,41.20,34.92,32.27,37.83,37.21
2026-08-08 17:00:36,46.40,41.38,41.37,41.23,41.19,34.90,32.31,37.81,37.22
2026-08-08 17:00:37,46.39,41.39,41.37,41.27,41.22,34.90,32.26,37.82,37.23
2026-08-08 17:00:38,46.39,41.38,41.35,41.24,41.22,34.92,32.27,37.86,37.23
2026-08-08 17:00:39,46.40,41.39,41.36,41.25,41.21,34.85,32.31,37.83,37.19
2026-08-08 17:00:40,46.39,41.39,41.36,41.30,41.18,34.85,32.34,37.90,37.20
2026-08-08 17:00:41,46.39,41.37,41.38,41.27,41.23,34.89,32.27,37.88,37.24
2026-08-08 17:00:42,46.39,41.37,41.36,41.31,41.18,34.89,32.32,37.85,37.15
2026-08-08 17:00:43,46.39,41.37,41.36,41.31,41.19,34.92,32.31,37.85,37.19
2026-08-08 17:00:44,46.40,41.39,41.37,41.29,41.22,34.86,32.29,37.84,37.18
2026-08-08 17:00:45,46.40,41.38,41.39,41.31,41.23,34.90,32.26,37.82,37.11
2026-08-08 17:00:46,46.40,41.38,41.39,41.29,41.23,34.85,32.28,37.85,37.15
2026-08-08 17:00:47,46.41,41.39,41.36,41.31,41.18,34.89,32.26,37.86,37.15
2026-08-08 17:00:48,46.41,41.40,41.37,41.30,41.21,34.88,32.26,37.86,37.14
2026-08-08 17:00:49,46.43,41.41,41.38,41.33,41.23,34.82,32.26,37.86,37.15
2026-08-08 17:00:50,46.44,41.42,41.39,41.31,41.24,34.81,32.24,37.89,37.18
2026-08-08 17:00:51,46.45,41.42,41.37,41.32,41.25,34.82,32.26,37.86,37.17
2026-08-08 17:00:52,46.47,41.42,41.37,41.29,41.26,34.87,32.24,37.86,37.19
2026-08-08 17:00:53,46.49,41.43,41.38,41.31,41.27,34.85,32.22,37.84,37.15
2026-08-08 17:00:54,46.50,41.43,41.38,41.30,41.27,34.83,32.22,37.89,37.15
2026-08-08 17:00:55,46.51,41.44,41.38,41.31,41.27,34.88,32.24,37.86,37.13
2026-08-08 17:00:56,46.52,41.44,41.39,41.33,41.32,34.87,32.19,37.89,37.21
2026-08-08 17:00:57,46.52,41.43,41.38,41.34,41.29,34.86,32.24,37.91,37.15
2026-08-08 17:00:58,46.53,41.44,41.41,41.32,41.30,34.89,32.27,37.89,37.17
2026-08-08 17:00:59,46.54,41.44,41.37,41.30,41.30,34.88,32.18,37.86,37.18
2026-08-08 17:01:00,46.54,41.46,41.43,41.30,41.30,34.89,32.22,37.89,37.18
2026-08-08 17:01:01,46.54,41.45,41.42,41.32,41.28,34.94,32.21,37.89,37.22
2026-08-08 17:01:02,46.54,41.46,41.40,41.36,41.31,34.93,32.22,37.85,37.17
2026-08-08 17:01:03,46.53,41.44,41.39,41.31,41.31,34.98,32.23,37.89,37.21
2026-08-08 17:01:04,46.53,41.44,41.44,41.31,41.32,34.94,32.26,37.94,37.19
2026-08-08 17:01:05,46.54,41.44,41.41,41.33,41.30,34.97,32.26,37.94,37.19
2026-08-08 17:01:06,46.54,41.44,41.41,41.33,41.32,35.00,32.18,37.91,37.21
2026-08-08 17:01:07,46.53,41.44,41.40,41.34,41.30,34.95,32.22,37.91,37.19
2026-08-08 17:01:08,46.53,41.44,41.41,41.35,41.30,34.96,32.17,37.88,37.18
2026-08-08 17:01:09,46.53,41.44,41.44,41.33,41.26,34.93,32.19,37.91,37.21
2026-08-08 17:01:10,46.53,41.42,41.44,41.35,41.30,34.97,32.26,37.92,37.22
2026-08-08 17:01:11,46.52,41.44,41.43,41.36,41.31,35.00,32.19,37.92,37.26
2026-08-08 17:01:12,46.52,41.44,41.44,41.35,41.29,35.01,32.22,37.97,37.21
2026-08-08 17:01:13,46.53,41.45,41.41,41.35,41.30,35.00,32.22,37.96,37.26
2026-08-08 17:01:14,46.52,41.44,41.40,41.39,41.30,35.02,32.17,37.94,37.26
2026-08-08 17:01:15,46.53,41.44,41.47,41.39,41.29,35.01,32.17,37.95,37.25
2026-08-08 17:01:16,46.54,41.44,41.43,41.37,41.29,35.02,32.21,37.94,37.20
2026-08-08 17:01:17,46.55,41.44,41.45,41.40,41.32,35.04,32.14,37.94,37.24
2026-08-08 17:01:18,46.55,41.44,41.42,41.40,41.30,35.05,32.17,37.97,37.23
2026-08-08 17:01:19,46.56,41.45,41.44,41.40,41.34,35.03,32.22,37.97,37.21
2026-08-08 17:01:20,46.58,41.46,41.43,41.41,41.32,35.02,32.19,37.96,37.27
2026-08-08 17:01:21,46.59,41.47,41.44,41.38,41.34,35.09,32.17,37.97,37.22
2026-08-08 17:01:22,46.63,41.48,41.44,41.39,41.37,35.07,32.15,37.90,37.18
2026-08-08 17:01:24,46.64,41.47,41.44,41.40,41.37,35.07,32.15,37.95,37.15
2026-08-08 17:01:25,46.65,41.48,41.45,41.41,41.38,35.11,32.19,37.98,37.19
2026-08-08 17:01:26,46.65,41.49,41.45,41.39,41.36,35.00,32.12,37.97,37.19
2026-08-08 17:01:27,46.66,41.49,41.48,41.40,41.36,35.05,32.08,37.96,37.21
2026-08-08 17:01:28,46.66,41.48,41.46,41.39,41.35,35.09,32.14,37.98,37.21
2026-08-08 17:01:29,46.65,41.48,41.48,41.39,41.37,35.07,32.17,37.95,37.17
2026-08-08 17:01:30,46.65,41.49,41.44,41.40,41.37,35.10,32.13,37.99,37.17
2026-08-08 17:01:31,46.65,41.48,41.48,41.37,41.39,35.10,32.12,37.99,37.13
2026-08-08 17:01:32,46.65,41.48,41.46,41.39,41.39,35.12,32.12,38.01,37.14
2026-08-08 17:01:33,46.65,41.48,41.46,41.39,41.35,35.10,32.10,37.98,37.13
2026-08-08 17:01:34,46.63,41.48,41.46,41.40,41.37,35.10,32.05,37.97,37.10
2026-08-08 17:01:35,46.63,41.47,41.48,41.40,41.37,35.06,32.09,37.96,37.06
2026-08-08 17:01:36,46.64,41.47,41.44,41.40,41.36,35.09,32.04,37.97,37.10
2026-08-08 17:01:37,46.63,41.48,41.47,41.43,41.37,35.11,32.21,37.98,37.08
2026-08-08 17:01:38,46.63,41.46,41.48,41.41,41.37,35.09,32.08,38.02,37.10
2026-08-08 17:01:39,46.64,41.46,41.51,41.46,41.39,35.07,32.04,38.03,37.08
2026-08-08 17:01:40,46.65,41.46,41.47,41.44,41.39,35.11,32.07,38.01,37.11
2026-08-08 17:01:41,46.65,41.46,41.49,41.42,41.38,35.09,32.07,37.98,37.08
2026-08-08 17:01:42,46.66,41.48,41.48,41.43,41.37,35.13,32.07,37.96,37.09
2026-08-08 17:01:43,46.68,41.47,41.47,41.44,41.40,35.14,32.04,37.99,37.10
2026-08-08 17:01:44,46.68,41.49,41.44,41.43,41.41,35.11,32.00,38.03,37.09
2026-08-08 17:01:45,46.71,41.50,41.48,41.42,41.44,35.12,32.03,38.03,37.09
2026-08-08 17:01:46,46.72,41.50,41.46,41.45,41.45,35.12,32.02,38.02,37.06
2026-08-08 17:01:47,46.74,41.51,41.49,41.42,41.46,35.11,31.95,38.01,37.07
2026-08-08 17:01:48,46.75,41.52,41.48,41.44,41.46,35.13,31.97,38.01,37.07
2026-08-08 17:01:49,46.76,41.52,41.48,41.42,41.46,35.17,32.00,38.05,37.09
2026-08-08 17:01:50,46.76,41.52,41.50,41.44,41.45,35.15,32.03,38.03,37.09
2026-08-08 17:01:51,46.78,41.53,41.48,41.45,41.46,35.15,32.02,38.01,37.08
2026-08-08 17:01:52,46.78,41.52,41.49,41.45,41.46,35.21,32.05,38.02,37.08
2026-08-08 17:01:53,46.78,41.53,41.49,41.45,41.44,35.18,32.02,38.03,37.07
2026-08-08 17:01:54,46.78,41.52,41.49,41.43,41.46,35.19,32.03,38.03,37.12
2026-08-08 17:01:55,46.77,41.53,41.51,41.45,41.46,35.23,31.99,38.06,37.14
2026-08-08 17:01:56,46.78,41.53,41.51,41.44,41.47,35.19,31.99,38.02,37.11
2026-08-08 17:01:57,46.77,41.52,41.51,41.43,41.47,35.20,32.00,38.05,37.07
2026-08-08 17:01:58,46.77,41.53,41.50,41.44,41.46,35.18,31.97,38.03,37.08
2026-08-08 17:01:59,46.77,41.51,41.51,41.50,41.46,35.21,31.95,38.05,37.09
2026-08-08 17:02:00,46.77,41.51,41.52,41.48,41.47,35.19,31.97,38.07,37.13
2026-08-08 17:02:01,46.76,41.51,41.51,41.48,41.48,35.22,31.93,38.07,37.10
2026-08-08 17:02:02,46.75,41.51,41.51,41.47,41.43,35.21,31.93,38.07,37.06
2026-08-08 17:02:03,46.76,41.50,41.51,41.47,41.44,35.27,31.94,38.10,37.07
2026-08-08 17:02:04,46.76,41.52,41.53,41.48,41.46,35.22,31.92,38.06,37.11
2026-08-08 17:02:05,46.78,41.51,41.53,41.49,41.48,35.22,31.88,38.04,37.09
2026-08-08 17:02:06,46.78,41.51,41.50,41.49,41.46,35.19,31.92,38.09,37.09
2026-08-08 17:02:07,46.79,41.51,41.51,41.50,41.51,35.20,31.85,38.06,37.07
2026-08-08 17:02:08,46.80,41.53,41.52,41.51,41.50,35.23,31.93,38.05,37.08
2026-08-08 17:02:09,46.81,41.53,41.52,41.49,41.52,35.26,31.93,38.10,37.10
2026-08-08 17:02:10,46.83,41.54,41.52,41.53,41.53,35.22,31.90,38.07,37.14
2026-08-08 17:02:11,46.84,41.56,41.53,41.53,41.53,35.17,31.86,38.10,37.12
2026-08-08 17:02:12,46.87,41.55,41.51,41.51,41.55,35.19,31.79,38.09,37.12
2026-08-08 17:02:13,46.87,41.56,41.52,41.49,41.55,35.15,31.88,38.06,37.14
2026-08-08 17:02:14,46.89,41.57,41.54,41.50,41.57,35.15,31.85,38.06,37.08
2026-08-08 17:02:15,46.90,41.57,41.52,41.51,41.57,35.12,31.86,38.10,37.13
2026-08-08 17:02:16,46.90,41.56,41.54,41.50,41.58,35.15,31.86,38.13,37.15
2026-08-08 17:02:17,46.90,41.57,41.54,41.51,41.58,35.20,31.89,38.12,37.17
2026-08-08 17:02:18,46.90,41.57,41.55,41.50,41.59,35.17,31.93,38.10,37.15
2026-08-08 17:02:19,46.90,41.56,41.58,41.52,41.56,35.17,31.89,38.12,37.17
2026-08-08 17:02:20,46.90,41.56,41.54,41.51,41.55,35.13,31.84,38.11,37.12
2026-08-08 17:02:21,46.90,41.55,41.54,41.54,41.57,35.18,31.89,38.12,37.12
2026-08-08 17:02:22,46.89,41.55,41.55,41.54,41.55,35.19,31.86,38.16,37.08
2026-08-08 17:02:23,46.89,41.54,41.55,41.52,41.55,35.15,31.86,38.10,37.07
2026-08-08 17:02:24,46.89,41.54,41.56,41.51,41.54,35.19,31.84,38.10,37.04
2026-08-08 17:02:25,46.88,41.55,41.57,41.52,41.54,35.11,31.84,38.10,37.04
2026-08-08 17:02:26,46.88,41.54,41.54,41.54,41.57,35.12,31.80,38.10,37.02
2026-08-08 17:02:27,46.88,41.55,41.55,41.55,41.57,35.07,31.81,38.10,37.04
2026-08-08 17:02:28,46.87,41.55,41.53,41.56,41.54,35.07,31.76,38.04,37.04
2026-08-08 17:02:29,46.87,41.55,41.54,41.55,41.59,35.02,31.79,38.06,36.98
2026-08-08 17:02:30,46.88,41.55,41.57,41.57,41.56,35.04,31.75,38.06,36.98
2026-08-08 17:02:31,46.89,41.55,41.55,41.57,41.55,35.02,31.79,38.10,36.98
2026-08-08 17:02:32,46.88,41.55,41.53,41.57,41.62,34.98,31.76,38.10,37.05
2026-08-08 17:02:33,46.90,41.56,41.58,41.56,41.60,35.01,31.80,38.11,37.05
2026-08-08 17:02:34,46.91,41.57,41.57,41.56,41.61,34.97,31.74,38.07,36.96
2026-08-08 17:02:35,46.93,41.57,41.57,41.56,41.60,34.92,31.81,38.09,36.97
2026-08-08 17:02:36,46.94,41.57,41.57,41.59,41.63,34.96,31.76,38.11,37.02
2026-08-08 17:02:37,46.96,41.59,41.59,41.57,41.63,34.93,31.75,38.07,36.98
2026-08-08 17:02:38,46.97,41.61,41.55,41.58,41.65,34.94,31.75,38.09,36.97
2026-08-08 17:02:39,46.97,41.59,41.55,41.58,41.63,34.92,31.76,38.04,37.02
2026-08-08 17:02:40,46.97,41.60,41.58,41.56,41.66,34.90,31.73,38.09,37.00
2026-08-08 17:02:41,46.99,41.61,41.55,41.56,41.68,34.89,31.73,38.09,37.01
2026-08-08 17:02:42,46.99,41.59,41.59,41.58,41.64,34.89,31.71,38.06,37.02
2026-08-08 17:02:43,47.00,41.61,41.57,41.58,41.65,34.89,31.75,38.07,37.05
2026-08-08 17:02:44,46.99,41.61,41.60,41.58,41.66,34.94,31.74,38.11,37.07
2026-08-08 17:02:45,47.00,41.61,41.59,41.56,41.68,34.93,31.70,38.10,37.11
2026-08-08 17:02:46,47.00,41.62,41.60,41.57,41.68,34.90,31.69,38.07,37.07
2026-08-08 17:02:47,47.00,41.61,41.59,41.58,41.67,34.89,31.73,38.10,37.05
2026-08-08 17:02:48,46.99,41.62,41.61,41.58,41.67,34.92,31.74,38.11,37.11
2026-08-08 17:02:49,46.99,41.61,41.61,41.59,41.70,34.93,31.74,38.10,37.13
2026-08-08 17:02:50,46.98,41.61,41.58,41.60,41.67,34.97,31.75,38.12,37.12
2026-08-08 17:02:51,46.98,41.60,41.60,41.61,41.66,34.98,31.78,38.24,37.13
2026-08-08 17:02:52,46.98,41.60,41.61,41.62,41.66,34.98,31.80,38.12,37.14
2026-08-08 17:02:53,46.98,41.60,41.58,41.60,41.68,34.95,31.75,38.12,37.14
2026-08-08 17:02:54,46.98,41.61,41.61,41.58,41.68,34.98,31.80,38.11,37.14
2026-08-08 17:02:55,46.97,41.61,41.61,41.62,41.70,35.00,31.76,38.12,37.17
2026-08-08 17:02:56,46.97,41.60,41.62,41.62,41.67,34.98,31.79,38.14,37.19
2026-08-08 17:02:57,46.97,41.60,41.60,41.60,41.70,35.01,31.79,38.15,37.21
2026-08-08 17:02:58,46.97,41.60,41.60,41.61,41.68,35.02,31.81,38.18,37.20
2026-08-08 17:02:59,46.97,41.59,41.60,41.66,41.67,35.02,31.79,38.17,37.20
2026-08-08 17:03:00,46.98,41.60,41.61,41.66,41.66,35.02,31.80,38.12,37.22
2026-08-08 17:03:01,46.97,41.61,41.62,41.65,41.69,35.02,31.80,38.15,37.25
2026-08-08 17:03:02,46.98,41.60,41.62,41.64,41.70,35.04,31.81,38.16,37.25
2026-08-08 17:03:03,46.99,41.61,41.60,41.68,41.70,35.03,31.83,38.15,37.31
2026-08-08 17:03:04,47.00,41.61,41.62,41.66,41.70,35.06,31.84,38.16,37.27
2026-08-08 17:03:05,47.01,41.62,41.62,41.69,41.72,35.05,31.86,38.19,37.31
2026-08-08 17:03:06,47.02,41.61,41.64,41.67,41.70,35.12,31.85,38.18,37.28
2026-08-08 17:03:07,47.03,41.62,41.62,41.66,41.73,35.06,31.81,38.16,37.26
2026-08-08 17:03:08,47.04,41.63,41.65,41.66,41.74,35.05,31.80,38.13,37.24
2026-08-08 17:03:09,47.06,41.65,41.62,41.69,41.78,35.06,31.86,38.18,37.26
2026-08-08 17:03:10,47.09,41.65,41.62,41.66,41.76,35.06,31.84,38.17,37.26
2026-08-08 17:03:11,47.08,41.65,41.62,41.67,41.76,35.10,31.85,38.17,37.27
2026-08-08 17:03:12,47.09,41.66,41.65,41.68,41.77,35.05,31.83,38.17,37.28
2026-08-08 17:03:13,47.09,41.67,41.59,41.67,41.78,35.06,31.81,38.16,37.27
2026-08-08 17:03:14,47.09,41.67,41.63,41.64,41.78,35.07,31.85,38.18,37.25
2026-08-08 17:03:15,47.10,41.68,41.67,41.69,41.80,35.07,31.79,38.16,37.27
2026-08-08 17:03:16,47.10,41.65,41.66,41.69,41.78,35.11,31.81,38.18,37.25
2026-08-08 17:03:17,47.10,41.66,41.65,41.71,41.75,35.10,31.83,38.15,37.26
2026-08-08 17:03:18,47.09,41.66,41.67,41.68,41.81,35.07,31.78,38.15,37.24
2026-08-08 17:03:19,47.09,41.66,41.66,41.71,41.77,35.07,31.84,38.17,37.24
2026-08-08 17:03:20,47.08,41.66,41.66,41.70,41.81,35.06,31.80,38.21,37.24
2026-08-08 17:03:21,47.09,41.66,41.65,41.73,41.81,35.06,31.76,38.21,37.28
2026-08-08 17:03:22,47.10,41.66,41.69,41.71,41.79,35.06,31.79,38.19,37.27
2026-08-08 17:03:23,47.09,41.65,41.67,41.73,41.78,35.11,31.79,38.20,37.29
2026-08-08 17:03:24,47.08,41.65,41.67,41.72,41.78,35.06,31.75,38.17,37.24
2026-08-08 17:03:25,47.08,41.66,41.66,41.72,41.81,35.09,31.75,38.22,37.27
2026-08-08 17:03:26,47.08,41.65,41.64,41.71,41.81,35.07,31.76,38.20,37.31
2026-08-08 17:03:27,47.09,41.64,41.67,41.73,41.81,35.09,31.78,38.21,37.28
2026-08-08 17:03:28,47.09,41.64,41.70,41.74,41.77,35.07,31.73,38.23,37.32
2026-08-08 17:03:29,47.09,41.63,41.71,41.76,41.78,35.10,31.76,38.22,37.31
2026-08-08 17:03:30,47.09,41.65,41.70,41.75,41.81,35.10,31.75,38.16,37.29
2026-08-08 17:03:31,47.10,41.66,41.68,41.77,41.80,35.05,31.73,38.24,37.32
2026-08-08 17:03:32,47.10,41.66,41.70,41.79,41.81,35.07,31.74,38.23,37.29
2026-08-08 17:03:33,47.10,41.67,41.69,41.78,41.79,35.03,31.70,38.20,37.27
2026-08-08 17:03:34,47.09,41.67,41.68,41.83,41.82,35.02,31.75,38.24,37.31
2026-08-08 17:03:35,47.10,41.67,41.72,41.79,41.81,35.00,31.67,38.21,37.29
2026-08-08 17:03:36,47.11,41.65,41.70,41.78,41.85,35.03,31.69,38.20,37.34
2026-08-08 17:03:37,47.11,41.67,41.73,41.82,41.81,35.04,31.67,38.25,37.34
2026-08-08 17:03:38,47.12,41.67,41.71,41.83,41.83,35.04,31.73,38.23,37.36
2026-08-08 17:03:39,47.13,41.68,41.73,41.85,41.83,35.04,31.73,38.26,37.32
2026-08-08 17:03:40,47.13,41.67,41.74,41.82,41.82,35.05,31.70,38.22,37.38
2026-08-08 17:03:41,47.14,41.67,41.73,41.85,41.83,35.04,31.74,38.22,37.36
2026-08-08 17:03:42,47.13,41.67,41.72,41.86,41.83,35.04,31.70,38.23,37.34
2026-08-08 17:03:43,47.13,41.68,41.72,41.85,41.83,35.04,31.74,38.23,37.33
2026-08-08 17:03:44,47.14,41.69,41.75,41.82,41.87,35.06,31.74,38.30,37.36
2026-08-08 17:03:45,47.15,41.69,41.75,41.87,41.83,35.10,31.73,38.25,37.36
2026-08-08 17:03:46,47.16,41.70,41.76,41.87,41.85,35.03,31.71,38.22,37.34
2026-08-08 17:03:47,47.17,41.68,41.75,41.86,41.89,35.06,31.75,38.30,37.40
2026-08-08 17:03:48,47.17,41.68,41.75,41.86,41.85,35.05,31.74,38.26,37.34
2026-08-08 17:03:49,47.18,41.70,41.78,41.86,41.85,35.09,31.76,38.25,37.36
2026-08-08 17:03:50,47.20,41.70,41.75,41.89,41.91,35.07,31.71,38.25,37.38
2026-08-08 17:03:51,47.22,41.72,41.75,41.88,41.89,35.12,31.78,38.28,37.40
2026-08-08 17:03:52,47.22,41.73,41.78,41.87,41.92,35.10,31.76,38.25,37.35
2026-08-08 17:03:53,47.23,41.74,41.80,41.89,41.89,35.10,31.78,38.26,37.37
2026-08-08 17:03:54,47.25,41.73,41.79,41.88,41.89,35.10,31.78,38.27,37.34
2026-08-08 17:03:55,47.27,41.75,41.82,41.88,41.93,35.11,31.76,38.29,37.32
2026-08-08 17:03:56,47.27,41.75,41.82,41.89,41.93,35.07,31.78,38.27,37.27
2026-08-08 17:03:57,47.28,41.76,41.81,41.91,41.96,35.11,31.76,38.30,37.26
2026-08-08 17:03:58,47.30,41.76,41.85,41.91,41.94,35.09,31.78,38.27,37.28
2026-08-08 17:03:59,47.32,41.77,41.79,41.95,41.94,35.11,31.74,38.29,37.29
2026-08-08 17:04:00,47.33,41.79,41.81,41.96,41.96,35.03,31.75,38.28,37.26
2026-08-08 17:04:01,47.34,41.78,41.80,41.97,41.97,35.07,31.74,38.27,37.31
2026-08-08 17:04:02,47.36,41.78,41.82,41.97,41.99,35.06,31.75,38.29,37.32
2026-08-08 17:04:03,47.36,41.81,41.87,41.99,41.99,35.06,31.78,38.31,37.32
2026-08-08 17:04:04,47.36,41.80,41.85,42.00,42.00,35.09,31.74,38.27,37.35
2026-08-08 17:04:05,47.37,41.80,41.83,41.99,42.03,35.02,31.73,38.30,37.48
2026-08-08 17:04:06,47.37,41.80,41.84,42.01,41.98,35.07,31.73,38.35,37.34
2026-08-08 17:04:07,47.37,41.81,41.87,42.03,42.01,35.10,31.73,38.32,37.37
2026-08-08 17:04:08,47.37,41.82,41.83,42.03,42.02,35.06,31.73,38.30,37.34
2026-08-08 17:04:09,47.39,41.80,41.88,42.03,42.03,35.07,31.74,38.30,37.36
2026-08-08 17:04:10,47.38,41.81,41.88,42.07,42.06,35.10,31.76,38.35,37.40
2026-08-08 17:04:11,47.39,41.83,41.87,42.06,42.06,35.14,31.78,38.32,37.40
2026-08-08 17:04:12,47.40,41.83,41.88,42.10,42.06,35.18,31.76,38.36,37.41
2026-08-08 17:04:13,47.42,41.84,41.90,42.11,42.08,35.15,31.81,38.35,37.38
2026-08-08 17:04:14,47.42,41.84,41.92,42.09,42.08,35.20,31.84,38.38,37.42
2026-08-08 17:04:15,47.44,41.86,41.92,42.11,42.07,35.18,31.84,38.37,37.43
2026-08-08 17:04:16,47.46,41.84,41.92,42.11,42.09,35.23,31.88,38.35,37.47
2026-08-08 17:04:17,47.48,41.84,41.96,42.12,42.11,35.26,31.86,38.37,37.45
2026-08-08 17:04:18,47.50,41.86,41.97,42.16,42.13,35.20,31.90,38.39,37.48
2026-08-08 17:04:19,47.52,41.87,41.97,42.13,42.13,35.26,31.94,38.37,37.47
2026-08-08 17:04:20,47.54,41.90,41.98,42.15,42.16,35.21,31.93,38.39,37.51
2026-08-08 17:04:21,47.55,41.90,41.98,42.17,42.21,35.23,31.88,38.40,37.51
2026-08-08 17:04:22,47.57,41.92,41.96,42.17,42.19,35.27,31.88,38.39,37.53
2026-08-08 17:04:23,47.60,41.92,42.02,42.16,42.20,35.27,31.92,38.40,37.56
2026-08-08 17:04:24,47.62,41.95,42.03,42.19,42.26,35.29,31.94,38.39,37.53
2026-08-08 17:04:25,47.65,41.95,42.01,42.19,42.26,35.26,31.92,38.39,37.50
2026-08-08 17:04:26,47.67,41.96,42.03,42.21,42.26,35.30,31.95,38.39,37.56
2026-08-08 17:04:27,47.68,41.98,42.04,42.22,42.30,35.30,31.98,38.44,37.59
2026-08-08 17:04:28,47.70,41.99,42.07,42.25,42.30,35.28,31.90,38.36,37.55
2026-08-08 17:04:29,47.71,42.00,42.07,42.25,42.34,35.29,31.99,38.44,37.57
2026-08-08 17:04:30,47.74,42.00,42.06,42.24,42.34,35.23,31.99,38.43,37.63
2026-08-08 17:04:31,47.75,42.02,42.11,42.27,42.36,35.27,31.98,38.39,37.63
2026-08-08 17:04:32,47.77,42.02,42.09,42.29,42.36,35.30,32.03,38.36,37.67
2026-08-08 17:04:33,47.78,42.03,42.12,42.32,42.40,35.30,32.02,38.44,37.68
2026-08-08 17:04:34,47.79,42.04,42.10,42.33,42.42,35.28,31.99,38.44,37.68
2026-08-08 17:04:35,47.81,42.04,42.13,42.37,42.40,35.28,32.04,38.44,37.67
2026-08-08 17:04:36,47.81,42.06,42.15,42.37,42.42,35.31,32.03,38.46,37.69
2026-08-08 17:04:37,47.81,42.07,42.18,42.38,42.42,35.30,32.03,38.47,37.73
2026-08-08 17:04:38,47.81,42.08,42.20,42.39,42.45,35.37,31.99,38.42,37.71
2026-08-08 17:04:39,47.82,42.07,42.20,42.39,42.44,35.37,32.05,38.43,37.72
2026-08-08 17:04:40,47.83,42.08,42.21,42.41,42.45,35.35,31.99,38.44,37.72
2026-08-08 17:04:41,47.82,42.10,42.20,42.42,42.39,35.35,32.05,38.48,37.74
2026-08-08 17:04:42,47.83,42.08,42.23,42.46,42.45,35.37,32.04,38.48,37.72
2026-08-08 17:04:43,47.83,42.11,42.24,42.46,42.47,35.41,32.04,38.49,37.71
2026-08-08 17:04:44,47.86,42.12,42.30,42.44,42.51,35.43,32.07,38.51,37.72
2026-08-08 17:04:45,47.86,42.14,42.27,42.45,42.50,35.41,32.08,38.48,37.75
2026-08-08 17:04:46,47.88,42.14,42.27,42.47,42.50,35.39,32.05,38.52,37.75
2026-08-08 17:04:47,47.90,42.15,42.29,42.47,42.52,35.48,32.07,38.50,37.80
2026-08-08 17:04:48,47.91,42.18,42.34,42.47,42.55,35.46,32.02,38.46,37.81
2026-08-08 17:04:49,47.93,42.19,42.31,42.47,42.54,35.41,32.07,38.52,37.74
2026-08-08 17:04:50,47.94,42.20,42.32,42.51,42.56,35.44,32.04,38.50,37.79
2026-08-08 17:04:51,47.97,42.21,42.34,42.50,42.57,35.49,32.04,38.50,37.77
2026-08-08 17:04:52,47.99,42.23,42.37,42.51,42.60,35.47,32.08,38.56,37.78
2026-08-08 17:04:53,48.01,42.24,42.36,42.49,42.63,35.49,32.09,38.55,37.82
2026-08-08 17:04:54,48.02,42.26,42.38,42.51,42.63,35.48,32.05,38.54,37.74
2026-08-08 17:04:55,48.03,42.27,42.39,42.52,42.65,35.49,32.09,38.52,37.75
2026-08-08 17:04:56,48.05,42.28,42.40,42.53,42.66,35.61,32.08,38.55,37.78
2026-08-08 17:04:57,48.07,42.30,42.40,42.56,42.68,35.53,32.04,38.55,37.75
2026-08-08 17:04:58,48.08,42.32,42.40,42.57,42.70,35.57,32.04,38.57,37.79
2026-08-08 17:04:59,48.09,42.32,42.41,42.58,42.69,35.56,32.10,38.56,37.79
2026-08-08 17:05:00,48.10,42.30,42.43,42.58,42.72,35.59,32.05,38.55,37.80
2026-08-08 17:05:01,48.10,42.33,42.44,42.61,42.74,35.54,32.04,38.57,37.78
2026-08-08 17:05:02,48.12,42.34,42.47,42.63,42.75,35.62,32.09,38.58,37.81
2026-08-08 17:05:03,48.10,42.34,42.47,42.62,42.74,35.64,32.12,38.60,37.86
2026-08-08 17:05:04,48.10,42.35,42.50,42.67,42.74,35.64,32.09,38.61,37.81
2026-08-08 17:05:05,48.11,42.35,42.51,42.68,42.74,35.63,32.08,38.59,37.83
2026-08-08 17:05:06,48.11,42.36,42.53,42.70,42.77,35.66,32.10,38.59,37.81
2026-08-08 17:05:07,48.11,42.35,42.52,42.70,42.74,35.62,32.09,38.57,37.81
2026-08-08 17:05:08,48.11,42.35,42.54,42.71,42.77,35.66,32.15,38.70,37.85
2026-08-08 17:05:09,48.12,42.37,42.56,42.73,42.77,35.76,32.10,38.61,37.84
2026-08-08 17:05:10,48.13,42.39,42.57,42.77,42.79,35.73,32.17,38.66,37.89
2026-08-08 17:05:11,48.14,42.40,42.56,42.78,42.80,35.74,32.12,38.63,37.89
2026-08-08 17:05:12,48.17,42.41,42.60,42.76,42.83,35.74,32.14,38.63,37.88
2026-08-08 17:05:13,48.19,42.41,42.60,42.76,42.83,35.74,32.12,38.68,37.90
2026-08-08 17:05:14,48.20,42.43,42.63,42.78,42.84,35.75,32.19,38.66,37.95
2026-08-08 17:05:15,48.22,42.45,42.63,42.81,42.85,35.74,32.14,38.70,37.93
2026-08-08 17:05:16,48.23,42.45,42.65,42.84,42.88,35.84,32.17,38.70,37.95
2026-08-08 17:05:17,48.25,42.48,42.64,42.82,42.92,35.81,32.19,38.63,37.99
2026-08-08 17:05:18,48.27,42.49,42.68,42.86,42.91,35.84,32.24,38.73,37.99
2026-08-08 17:05:19,48.29,42.50,42.67,42.85,42.93,35.81,32.23,38.72,37.99
2026-08-08 17:05:20,48.29,42.51,42.63,42.88,42.93,35.83,32.24,38.68,38.06
2026-08-08 17:05:21,48.31,42.52,42.68,42.89,42.96,35.85,32.27,38.68,38.04
2026-08-08 17:05:22,48.33,42.55,42.69,42.89,42.98,35.86,32.34,38.72,38.06
2026-08-08 17:05:23,48.34,42.57,42.69,42.92,43.01,35.90,32.36,38.76,38.09
2026-08-08 17:05:24,48.36,42.58,42.70,42.96,42.98,35.95,32.42,38.74,38.17
2026-08-08 17:05:25,48.36,42.58,42.68,42.99,43.01,35.89,32.38,38.73,38.17
2026-08-08 17:05:26,48.37,42.59,42.74,43.01,43.02,35.90,32.41,38.77,38.16
2026-08-08 17:05:27,48.37,42.60,42.73,43.02,43.04,35.92,32.43,38.73,38.13
2026-08-08 17:05:28,48.38,42.61,42.75,43.05,43.06,35.96,32.47,38.80,38.17
2026-08-08 17:05:29,48.37,42.62,42.75,43.10,43.04,35.95,32.50,38.78,38.21
2026-08-08 17:05:30,48.38,42.63,42.79,43.13,43.08,35.97,32.50,38.80,38.22
2026-08-08 17:05:31,48.39,42.63,42.84,43.17,43.10,36.01,32.57,38.78,38.29
2026-08-08 17:05:32,48.39,42.62,42.85,43.17,43.07,35.95,32.57,38.82,38.28
2026-08-08 17:05:33,48.39,42.66,42.86,43.22,43.06,35.96,32.64,38.85,38.31
2026-08-08 17:05:34,48.40,42.66,42.88,43.23,43.10,35.96,32.65,38.81,38.34
2026-08-08 17:05:35,48.41,42.68,42.94,43.24,43.14,35.98,32.68,38.84,38.35
2026-08-08 17:05:36,48.44,42.69,42.93,43.24,43.13,35.94,32.75,38.84,38.39
2026-08-08 17:05:37,48.44,42.70,42.98,43.33,43.15,36.04,32.71,38.91,38.42
2026-08-08 17:05:38,48.46,42.73,43.02,43.33,43.17,36.06,32.81,38.88,38.42
2026-08-08 17:05:39,48.48,42.75,43.01,43.41,43.19,36.05,32.85,38.86,38.44
2026-08-08 17:05:40,48.49,42.76,43.07,43.41,43.20,36.10,32.84,38.90,38.49
2026-08-08 17:05:41,48.52,42.79,43.10,43.47,43.25,36.13,32.90,38.92,38.51
2026-08-08 17:05:42,48.54,42.80,43.12,43.50,43.26,36.12,32.89,38.92,38.54
2026-08-08 17:05:43,48.56,42.83,43.11,43.52,43.27,36.10,32.94,38.90,38.57
2026-08-08 17:05:44,48.59,42.85,43.18,43.58,43.28,36.11,32.97,38.90,38.60
2026-08-08 17:05:45,48.61,42.87,43.19,43.64,43.34,36.12,32.97,38.92,38.57
2026-08-08 17:05:46,48.64,42.90,43.24,43.68,43.37,36.13,33.03,38.95,38.62
2026-08-08 17:05:47,48.67,42.94,43.25,43.74,43.38,36.14,33.07,38.95,38.69
2026-08-08 17:05:48,48.70,42.97,43.27,43.78,43.40,36.15,33.07,38.96,38.75
2026-08-08 17:05:49,48.73,42.99,43.30,43.79,43.45,36.15,33.09,38.98,38.74
2026-08-08 17:05:50,48.76,43.04,43.34,43.83,43.44,36.14,33.11,39.00,38.77
2026-08-08 17:05:51,48.80,43.09,43.41,43.84,43.48,36.15,33.17,39.01,38.78
2026-08-08 17:05:52,48.81,43.12,43.40,43.87,43.49,36.15,33.22,38.99,38.84
2026-08-08 17:05:53,48.84,43.16,43.43,43.91,43.50,36.19,33.24,39.02,38.84
2026-08-08 17:05:54,48.86,43.18,43.48,43.97,43.51,36.15,33.27,39.01,38.91
2026-08-08 17:05:55,48.88,43.22,43.49,43.99,43.51,36.22,33.30,39.03,38.95
2026-08-08 17:05:56,48.94,43.25,43.55,44.05,43.58,36.22,33.33,39.07,38.98
2026-08-08 17:05:57,48.96,43.29,43.57,44.09,43.59,36.19,33.39,39.06,39.01
2026-08-08 17:05:58,49.00,43.33,43.61,44.13,43.65,36.22,33.40,39.06,39.05
2026-08-08 17:05:59,49.04,43.38,43.64,44.19,43.60,36.23,33.43,39.09,39.06
2026-08-08 17:06:00,49.08,43.43,43.70,44.23,43.67,36.23,33.45,39.08,39.09
2026-08-08 17:06:01,49.13,43.48,43.71,44.25,43.74,36.19,33.43,39.08,39.14
2026-08-08 17:06:02,49.19,43.52,43.75,44.31,43.74,36.21,33.45,39.12,39.11
2026-08-08 17:06:03,49.24,43.58,43.83,44.33,43.81,36.27,33.49,39.16,39.26
2026-08-08 17:06:04,49.30,43.63,43.86,44.34,43.82,36.32,33.52,39.16,39.22
2026-08-08 17:06:05,49.36,43.69,43.92,44.44,43.89,36.27,33.52,39.20,39.27
2026-08-08 17:06:06,49.43,43.76,43.99,44.45,43.91,36.30,33.43,39.17,39.30
2026-08-08 17:06:07,49.47,43.81,44.04,44.51,43.96,36.33,33.58,39.22,39.32
2026-08-08 17:06:08,49.52,43.88,44.07,44.57,44.00,36.33,33.57,39.25,39.33
2026-08-08 17:06:09,49.57,43.97,44.12,44.59,44.05,36.34,33.59,39.24,39.38
2026-08-08 17:06:10,49.63,44.02,44.19,44.66,44.10,36.36,33.60,39.26,39.39
2026-08-08 17:06:11,49.68,44.10,44.24,44.70,44.15,36.35,33.60,39.26,39.45
2026-08-08 17:06:12,49.74,44.16,44.35,44.73,44.17,36.39,33.63,39.30,39.47
2026-08-08 17:06:13,49.78,44.23,44.43,44.78,44.22,36.41,33.61,39.31,39.49
2026-08-08 17:06:14,49.83,44.29,44.52,44.81,44.28,36.45,33.61,39.34,39.53
2026-08-08 17:06:15,49.88,44.35,44.61,44.88,44.31,36.46,33.67,39.35,39.56
2026-08-08 17:06:16,49.92,44.41,44.70,44.93,44.35,36.49,33.66,39.38,39.59
2026-08-08 17:06:17,49.96,44.49,44.80,44.99,44.37,36.48,33.66,39.41,39.55
2026-08-08 17:06:18,50.00,44.56,44.89,45.03,44.47,36.53,33.67,39.41,39.56
2026-08-08 17:06:19,50.04,44.61,44.97,45.07,44.49,36.57,33.65,39.43,39.60
2026-08-08 17:06:20,50.07,44.66,45.00,45.16,44.50,36.59,33.69,39.48,39.65
2026-08-08 17:06:21,50.11,44.72,45.08,45.18,44.56,36.62,33.70,39.49,39.69
2026-08-08 17:06:22,50.15,44.78,45.13,45.26,44.60,36.64,33.72,39.55,39.73
2026-08-08 17:06:23,50.18,44.84,45.22,45.27,44.63,36.62,33.69,39.54,39.75
2026-08-08 17:06:24,50.23,44.90,45.29,45.35,44.65,36.66,33.73,39.58,39.76
2026-08-08 17:06:25,50.26,44.95,45.33,45.43,44.73,36.66,33.71,39.56,39.78
2026-08-08 17:06:26,50.30,45.02,45.39,45.46,44.74,36.73,33.73,39.60,39.81
2026-08-08 17:06:27,50.35,45.08,45.45,45.51,44.78,36.70,33.71,39.64,39.84
2026-08-08 17:06:28,50.41,45.14,45.53,45.57,44.83,36.71,33.72,39.64,39.83
2026-08-08 17:06:29,50.45,45.20,45.58,45.64,44.87,36.74,33.72,39.67,39.85
2026-08-08 17:06:30,50.50,45.28,45.66,45.69,44.93,36.73,33.72,39.72,39.86
2026-08-08 17:06:31,50.58,45.34,45.72,45.73,44.95,36.72,33.73,39.74,39.89
2026-08-08 17:06:32,50.64,45.41,45.78,45.78,44.99,36.74,33.77,39.76,39.93
2026-08-08 17:06:33,50.70,45.47,45.83,45.85,45.06,36.72,33.76,39.79,39.96
2026-08-08 17:06:34,50.76,45.55,45.89,45.90,45.10,36.72,33.75,39.78,40.01
2026-08-08 17:06:35,50.83,45.62,45.97,45.98,45.16,36.75,33.76,39.84,40.05
2026-08-08 17:06:36,50.90,45.70,46.01,46.01,45.24,36.76,33.77,39.88,40.11
2026-08-08 17:06:37,50.98,45.77,46.07,46.06,45.31,36.74,33.77,39.90,40.11
2026-08-08 17:06:38,51.09,45.85,46.17,46.11,45.36,36.77,33.81,39.89,40.16
2026-08-08 17:06:39,51.16,45.91,46.21,46.20,45.43,36.82,33.77,39.95,40.19
2026-08-08 17:06:40,51.23,45.98,46.28,46.24,45.48,36.81,33.81,39.95,40.22
2026-08-08 17:06:41,51.32,46.04,46.36,46.30,45.54,36.82,33.82,40.00,40.25
2026-08-08 17:06:42,51.39,46.12,46.42,46.37,45.63,36.79,33.82,40.02,40.29
2026-08-08 17:06:43,51.46,46.20,46.50,46.44,45.69,36.79,33.85,40.04,40.32
2026-08-08 17:06:44,51.54,46.26,46.55,46.51,45.76,36.83,33.89,40.10,40.38
2026-08-08 17:06:45,51.62,46.35,46.60,46.56,45.84,36.79,33.88,40.09,40.42
2026-08-08 17:06:46,51.67,46.39,46.67,46.60,45.88,36.84,33.92,40.17,40.42
2026-08-08 17:06:47,51.74,46.46,46.72,46.68,45.95,36.86,33.95,40.19,40.50
2026-08-08 17:06:48,51.82,46.53,46.79,46.74,46.00,36.84,33.95,40.22,40.52
2026-08-08 17:06:49,51.90,46.63,46.90,46.81,46.05,36.89,33.94,40.24,40.52
2026-08-08 17:06:50,51.99,46.70,46.91,46.88,46.17,36.84,33.98,40.23,40.61
2026-08-08 17:06:51,52.06,46.76,46.99,46.94,46.23,36.92,33.98,40.30,40.59
2026-08-08 17:06:52,52.11,46.82,47.05,46.97,46.23,36.92,33.98,40.34,40.67
2026-08-08 17:06:53,52.18,46.89,47.13,47.06,46.38,36.92,34.04,40.28,40.69
2026-08-08 17:06:54,52.26,46.98,47.19,47.14,46.42,36.97,34.02,40.36,40.71
2026-08-08 17:06:55,52.33,47.06,47.28,47.21,46.48,36.96,34.02,40.43,40.76
2026-08-08 17:06:56,52.40,47.12,47.33,47.27,46.56,37.00,34.09,40.47,40.80
2026-08-08 17:06:57,52.47,47.19,47.40,47.33,46.60,37.05,34.04,40.46,40.85
2026-08-08 17:06:58,52.53,47.25,47.45,47.40,46.68,37.04,34.07,40.46,40.86
2026-08-08 17:06:59,52.61,47.35,47.56,47.49,46.76,37.06,34.10,40.49,40.90
2026-08-08 17:07:00,52.68,47.43,47.62,47.54,46.82,37.10,34.06,40.50,40.91
2026-08-08 17:07:01,52.74,47.49,47.66,47.62,46.89,37.14,34.10,40.56,40.96
2026-08-08 17:07:02,52.82,47.56,47.73,47.66,46.96,37.19,34.13,40.61,41.00
2026-08-08 17:07:03,52.89,47.63,47.80,47.74,47.04,37.17,34.09,40.60,41.01
2026-08-08 17:07:04,52.98,47.71,47.91,47.82,47.10,37.17,34.18,40.70,41.06
2026-08-08 17:07:05,53.03,47.77,47.93,47.90,47.16,37.21,34.15,40.68,41.04
2026-08-08 17:07:06,53.11,47.85,47.99,47.93,47.22,37.20,34.13,40.66,41.10
2026-08-08 17:07:07,53.18,47.91,48.08,48.02,47.32,37.26,34.11,40.76,41.12
2026-08-08 17:07:08,53.25,47.98,48.15,48.06,47.36,37.27,34.16,40.76,41.16
2026-08-08 17:07:09,53.33,48.05,48.20,48.14,47.42,37.28,34.17,40.81,41.19
2026-08-08 17:07:10,53.40,48.14,48.27,48.20,47.49,37.32,34.14,40.82,41.21
2026-08-08 17:07:11,53.47,48.20,48.32,48.27,47.56,37.27,34.09,40.84,41.24
2026-08-08 17:07:12,53.54,48.27,48.40,48.34,47.61,37.32,34.18,40.85,41.25
2026-08-08 17:07:13,53.61,48.34,48.46,48.41,47.71,37.34,34.13,40.95,41.29
2026-08-08 17:07:14,53.68,48.40,48.53,48.47,47.77,37.41,34.16,40.95,41.34
2026-08-08 17:07:15,53.75,48.49,48.60,48.54,47.84,37.44,34.18,40.99,41.36
2026-08-08 17:07:16,53.83,48.53,48.66,48.60,47.91,37.45,34.21,41.05,41.34
2026-08-08 17:07:17,53.89,48.61,48.72,48.67,47.95,37.42,34.23,41.06,41.42
2026-08-08 17:07:18,53.95,48.70,48.81,48.75,48.03,37.46,34.23,41.11,41.46
2026-08-08 17:07:19,54.02,48.76,48.87,48.81,48.10,37.47,34.24,41.12,41.52
2026-08-08 17:07:20,54.09,48.83,48.95,48.88,48.15,37.52,34.24,41.16,41.55
2026-08-08 17:07:21,54.15,48.91,49.02,48.94,48.23,37.53,34.23,41.19,41.59
2026-08-08 17:07:22,54.22,48.96,49.09,49.01,48.27,37.53,34.24,41.20,41.61
2026-08-08 17:07:23,54.29,49.03,49.15,49.08,48.36,37.54,34.27,41.26,41.63
2026-08-08 17:07:24,54.36,49.10,49.22,49.12,48.45,37.56,34.26,41.33,41.69
2026-08-08 17:07:25,54.43,49.18,49.27,49.21,48.50,37.60,34.27,41.35,41.70
2026-08-08 17:07:26,54.50,49.26,49.34,49.29,48.54,37.61,34.27,41.35,41.79
2026-08-08 17:07:27,54.57,49.33,49.41,49.36,48.63,37.64,34.29,41.45,41.78
2026-08-08 17:07:28,54.67,49.38,49.49,49.42,48.68,37.66,34.29,41.45,41.82
2026-08-08 17:07:29,54.73,49.47,49.55,49.47,48.75,37.69,34.29,41.46,41.84
2026-08-08 17:07:30,54.80,49.54,49.60,49.54,48.84,37.70,34.30,41.53,41.91
2026-08-08 17:07:31,54.88,49.61,49.71,49.63,48.91,37.76,34.30,41.56,41.91
2026-08-08 17:07:32,54.95,49.68,49.76,49.66,48.97,37.76,34.35,41.49,41.94
2026-08-08 17:07:33,55.03,49.75,49.83,49.75,49.01,37.78,34.31,41.53,41.95
2026-08-08 17:07:34,55.11,49.82,49.89,49.80,49.09,37.80,34.40,41.52,42.00
2026-08-08 17:07:35,55.17,49.87,49.94,49.89,49.17,37.83,34.41,41.63,42.09
2026-08-08 17:07:36,55.25,49.94,50.02,49.94,49.24,37.83,34.38,41.65,42.09
2026-08-08 17:07:37,55.32,50.03,50.07,50.03,49.29,37.86,34.41,41.66,42.13
2026-08-08 17:07:38,55.39,50.09,50.17,50.07,49.38,37.94,34.41,41.72,42.17
2026-08-08 17:07:39,55.46,50.17,50.24,50.14,49.45,37.91,34.44,41.74,42.23
2026-08-08 17:07:40,55.54,50.24,50.29,50.23,49.50,37.93,34.48,41.77,42.25
2026-08-08 17:07:41,55.61,50.31,50.38,50.30,49.56,37.99,34.49,41.84,42.32
2026-08-08 17:07:42,55.68,50.37,50.42,50.36,49.65,38.02,34.54,41.85,42.35
2026-08-08 17:07:43,55.76,50.45,50.50,50.45,49.72,38.07,34.56,41.92,42.37
2026-08-08 17:07:44,55.83,50.51,50.58,50.49,49.81,38.10,34.56,41.91,42.37
2026-08-08 17:07:45,55.89,50.58,50.64,50.57,49.86,38.12,34.57,41.98,42.45
2026-08-08 17:07:46,55.97,50.65,50.69,50.64,49.93,38.13,34.64,42.01,42.48
2026-08-08 17:07:47,56.02,50.72,50.76,50.70,50.00,38.20,34.62,42.08,42.51
2026-08-08 17:07:48,56.10,50.79,50.84,50.77,50.08,38.21,34.70,42.08,42.55
2026-08-08 17:07:49,56.17,50.84,50.90,50.84,50.13,38.21,34.73,42.09,42.57
2026-08-08 17:07:50,56.24,50.92,50.96,50.91,50.20,38.25,34.71,42.14,42.61
2026-08-08 17:07:51,56.30,50.99,51.04,50.98,50.25,38.30,34.73,42.22,42.64
2026-08-08 17:07:52,56.38,51.05,51.11,51.02,50.32,38.34,34.79,42.25,42.69
2026-08-08 17:07:53,56.45,51.11,51.19,51.09,50.37,38.36,34.79,42.28,42.69
2026-08-08 17:07:54,56.51,51.21,51.29,51.16,50.45,38.42,34.81,42.32,42.75
2026-08-08 17:07:55,56.58,51.30,51.32,51.22,50.50,38.39,34.80,42.35,42.76
2026-08-08 17:07:56,56.64,51.36,51.40,51.29,50.58,38.42,34.85,42.36,42.82
2026-08-08 17:07:57,56.71,51.42,51.45,51.35,50.63,38.44,34.85,42.42,42.84
2026-08-08 17:07:58,56.78,51.48,51.51,51.43,50.69,38.45,34.87,42.45,42.92
2026-08-08 17:07:59,56.84,51.54,51.59,51.49,50.75,38.48,34.87,42.49,42.90
2026-08-08 17:08:00,56.90,51.61,51.64,51.55,50.83,38.51,34.92,42.54,42.95
2026-08-08 17:08:01,56.96,51.67,51.73,51.66,50.87,38.52,34.92,42.63,42.98
2026-08-08 17:08:02,57.02,51.73,51.80,51.72,50.92,38.57,34.93,42.65,42.98
2026-08-08 17:08:03,57.09,51.80,51.87,51.78,50.99,38.61,34.98,42.69,43.04
2026-08-08 17:08:04,57.15,51.86,51.91,51.85,51.05,38.59,34.98,42.70,43.04
2026-08-08 17:08:05,57.21,51.92,51.98,51.92,51.10,38.64,35.00,42.73,43.08
2026-08-08 17:08:06,57.26,51.96,52.03,51.97,51.16,38.62,35.00,42.80,43.10
2026-08-08 17:08:07,57.35,52.05,52.10,52.05,51.24,38.68,35.02,42.83,43.14
2026-08-08 17:08:08,57.42,52.12,52.19,52.14,51.29,38.66,35.06,42.89,43.19
2026-08-08 17:08:09,57.46,52.16,52.22,52.18,51.34,38.71,35.06,42.91,43.21
2026-08-08 17:08:10,57.53,52.24,52.30,52.23,51.40,38.70,35.03,42.95,43.25
2026-08-08 17:08:11,57.60,52.30,52.34,52.30,51.50,38.75,35.09,42.94,43.23
2026-08-08 17:08:12,57.68,52.37,52.43,52.37,51.56,38.78,35.09,43.02,43.34
2026-08-08 17:08:13,57.76,52.46,52.50,52.45,51.64,38.75,35.11,43.06,43.36
2026-08-08 17:08:14,57.81,52.51,52.55,52.50,51.69,38.79,35.14,43.11,43.40
2026-08-08 17:08:15,57.90,52.57,52.61,52.57,51.76,38.82,35.14,43.12,43.41
2026-08-08 17:08:16,57.98,52.65,52.67,52.62,51.83,38.85,35.15,43.09,43.48
2026-08-08 17:08:17,58.06,52.72,52.78,52.67,51.92,38.85,35.19,43.11,43.51
2026-08-08 17:08:18,58.12,52.77,52.80,52.75,51.97,38.87,35.19,43.15,43.55
2026-08-08 17:08:19,58.18,52.85,52.89,52.81,52.04,38.85,35.24,43.14,43.57
2026-08-08 17:08:20,58.26,52.92,52.94,52.86,52.09,38.91,35.26,43.22,43.65
2026-08-08 17:08:21,58.32,52.97,53.01,52.93,52.17,38.88,35.28,42.89,43.69
2026-08-08 17:08:22,58.40,53.04,53.09,53.01,52.22,38.97,35.27,42.52,43.70
2026-08-08 17:08:23,58.45,53.13,53.15,53.04,52.29,38.96,35.33,42.28,43.73
2026-08-08 17:08:24,58.52,53.18,53.21,53.11,52.34,38.96,35.35,42.17,43.81
2026-08-08 17:08:25,58.58,53.24,53.28,53.19,52.40,38.96,35.36,42.09,43.85
2026-08-08 17:08:26,58.64,53.30,53.33,53.26,52.48,39.05,35.44,42.06,43.87
2026-08-08 17:08:27,58.71,53.36,53.43,53.32,52.53,39.05,35.42,42.03,43.94
2026-08-08 17:08:28,58.78,53.43,53.48,53.39,52.58,39.12,35.48,41.99,44.00
2026-08-08 17:08:29,58.84,53.48,53.54,53.46,52.65,39.12,35.48,42.02,44.04
2026-08-08 17:08:30,58.90,53.56,53.61,53.51,52.70,39.16,35.50,42.03,44.06
2026-08-08 17:08:31,58.96,53.60,53.65,53.59,52.76,39.18,35.52,42.03,44.11
2026-08-08 17:08:32,59.02,53.67,53.74,53.66,52.84,39.21,35.56,42.05,44.16
2026-08-08 17:08:33,59.11,53.76,53.79,53.72,52.91,39.21,35.60,42.07,44.22
2026-08-08 17:08:34,59.16,53.80,53.85,53.78,52.96,39.26,35.62,42.12,44.25
2026-08-08 17:08:35,59.21,53.86,53.91,53.85,53.02,39.29,35.66,42.11,44.31
2026-08-08 17:08:36,59.27,53.93,53.97,53.93,53.07,39.33,35.66,42.11,44.37
2026-08-08 17:08:37,59.34,53.99,54.04,53.98,53.14,39.33,35.72,42.19,44.40
2026-08-08 17:08:38,59.44,54.07,54.12,54.04,53.20,39.43,35.74,42.20,44.44
2026-08-08 17:08:39,59.48,54.12,54.17,54.12,53.27,39.42,35.79,42.24,44.49
2026-08-08 17:08:40,59.56,54.19,54.25,54.16,53.35,39.45,35.79,42.26,44.54
2026-08-08 17:08:41,59.64,54.26,54.29,54.23,53.41,39.49,35.85,42.32,44.62
2026-08-08 17:08:42,59.71,54.32,54.35,54.29,53.49,39.50,35.88,42.33,44.68
2026-08-08 17:08:43,59.78,54.39,54.41,54.34,53.54,39.50,35.93,42.36,44.70
2026-08-08 17:08:44,59.85,54.45,54.47,54.44,53.62,39.54,35.93,42.36,44.71
2026-08-08 17:08:45,59.93,54.52,54.55,54.45,53.68,39.57,35.99,42.40,44.82
2026-08-08 17:08:46,60.00,54.59,54.62,54.53,53.74,39.57,36.00,42.40,44.84
2026-08-08 17:08:47,60.07,54.66,54.65,54.58,53.78,39.59,36.03,42.43,44.87
2026-08-08 17:08:48,60.14,54.72,54.74,54.66,53.87,39.64,36.09,42.49,44.92
2026-08-08 17:08:49,60.21,54.78,54.80,54.73,53.93,39.64,36.14,42.51,45.01
2026-08-08 17:08:50,60.28,54.86,54.88,54.80,53.99,39.71,36.13,42.57,45.04
2026-08-08 17:08:51,60.34,54.91,54.94,54.86,54.05,39.70,36.17,42.59,45.10
2026-08-08 17:08:52,60.40,54.98,54.99,54.90,54.10,39.76,36.23,42.61,45.16
2026-08-08 17:08:53,60.47,55.03,55.05,54.96,54.14,39.76,36.22,42.65,45.21
2026-08-08 17:08:54,60.53,55.09,55.14,55.04,54.20,39.81,36.23,42.68,45.29
2026-08-08 17:08:55,60.58,55.17,55.19,55.08,54.27,39.81,36.26,42.72,45.33
2026-08-08 17:08:56,60.65,55.22,55.28,55.16,54.31,39.82,36.27,42.74,45.34
2026-08-08 17:08:57,60.72,55.28,55.33,55.23,54.39,39.85,36.31,42.74,45.39
2026-08-08 17:08:58,60.78,55.34,55.38,55.29,54.44,39.92,36.35,42.81,45.48
2026-08-08 17:08:59,60.84,55.40,55.47,55.37,54.52,39.93,36.33,42.84,45.54
2026-08-08 17:09:00,60.91,55.45,55.52,55.45,54.57,39.99,36.40,42.89,45.60
2026-08-08 17:09:01,60.97,55.53,55.58,55.51,54.62,40.00,36.41,42.92,45.65
2026-08-08 17:09:02,61.02,55.59,55.67,55.56,54.69,40.04,36.41,42.97,45.70
2026-08-08 17:09:03,61.09,55.65,55.71,55.64,54.75,40.07,36.41,43.01,45.77
2026-08-08 17:09:04,61.15,55.73,55.78,55.70,54.79,40.16,36.47,43.07,45.85
2026-08-08 17:09:05,61.22,55.77,55.83,55.76,54.87,40.22,36.48,43.12,45.91
2026-08-08 17:09:06,61.29,55.84,55.88,55.82,54.93,40.23,36.49,43.17,45.94
2026-08-08 17:09:07,61.35,55.90,55.97,55.88,54.99,40.31,36.51,43.18,46.00
2026-08-08 17:09:08,61.42,55.96,56.03,55.95,55.05,40.36,36.52,43.24,46.12
2026-08-08 17:09:09,61.49,56.02,56.10,56.02,55.11,40.39,36.58,43.29,46.17
2026-08-08 17:09:10,61.55,56.09,56.15,56.07,55.17,40.46,36.58,43.36,46.27
2026-08-08 17:09:11,61.62,56.16,56.19,56.15,55.23,40.49,36.61,43.38,46.33
2026-08-08 17:09:12,61.69,56.23,56.29,56.18,55.31,40.51,36.63,43.47,46.37
2026-08-08 17:09:13,61.76,56.30,56.32,56.26,55.37,40.54,36.63,43.47,46.43
2026-08-08 17:09:14,61.82,56.37,56.38,56.32,55.42,40.67,36.68,43.53,46.43
2026-08-08 17:09:15,61.89,56.43,56.46,56.39,55.49,40.74,36.70,43.57,46.43
2026-08-08 17:09:16,61.95,56.48,56.52,56.46,55.53,40.81,36.71,43.61,46.54
2026-08-08 17:09:17,62.02,56.55,56.61,56.50,55.60,40.89,36.73,43.69,46.60
2026-08-08 17:09:18,62.08,56.62,56.65,56.57,55.67,40.99,36.75,43.76,46.67
2026-08-08 17:09:19,62.15,56.68,56.72,56.63,55.74,41.04,36.71,43.80,46.77
2026-08-08 17:09:20,62.21,56.74,56.76,56.71,55.80,41.15,36.80,43.86,46.81
2026-08-08 17:09:21,62.28,56.80,56.82,56.77,55.83,41.23,36.80,43.92,47.00
2026-08-08 17:09:22,62.34,56.88,56.89,56.81,55.93,41.36,36.85,44.00,47.13
2026-08-08 17:09:23,62.45,56.97,57.01,56.93,56.00,41.54,36.83,44.11,47.48
2026-08-08 17:09:25,62.58,57.09,57.13,57.08,56.13,41.71,36.90,44.29,47.83
2026-08-08 17:09:26,62.64,57.16,57.18,57.12,56.20,41.80,36.96,44.35,48.00
2026-08-08 17:09:28,62.71,57.24,57.27,57.18,56.28,41.89,36.94,44.41,48.11
2026-08-08 17:09:29,62.77,57.30,57.29,57.24,56.32,41.99,37.01,44.49,48.27
2026-08-08 17:09:30,62.83,57.35,57.37,57.29,56.39,42.00,37.03,44.53,48.38
2026-08-08 17:09:31,62.89,57.41,57.43,57.36,56.43,42.15,37.09,44.63,48.53
2026-08-08 17:09:32,62.96,57.48,57.47,57.44,56.53,42.22,37.12,44.66,48.68
2026-08-08 17:09:33,63.05,57.55,57.56,57.48,56.60,42.24,37.16,44.73,48.76
2026-08-08 17:09:34,63.10,57.60,57.61,57.55,56.63,42.35,37.20,44.79,48.89
2026-08-08 17:09:35,63.18,57.67,57.68,57.61,56.72,42.39,37.22,44.89,49.01
2026-08-08 17:09:36,63.23,57.73,57.73,57.67,56.77,42.51,37.28,44.93,49.16
2026-08-08 17:09:37,63.31,57.79,57.78,57.74,56.82,42.58,37.30,45.01,49.30
2026-08-08 17:09:38,63.37,57.86,57.83,57.79,56.88,42.67,37.33,45.08,49.43
2026-08-08 17:09:39,63.45,57.92,57.88,57.85,56.94,42.66,37.35,45.12,49.54
2026-08-08 17:09:40,63.52,57.99,57.96,57.90,57.00,42.76,37.41,45.18,49.66
2026-08-08 17:09:41,63.59,58.05,58.03,57.98,57.08,42.79,37.44,45.21,49.77
2026-08-08 17:09:42,63.66,58.13,58.11,58.04,57.13,42.89,37.48,45.31,49.89
2026-08-08 17:09:43,63.74,58.19,58.14,58.08,57.21,42.97,37.51,45.36,49.99
2026-08-08 17:09:44,63.81,58.24,58.19,58.13,57.26,43.07,37.55,45.43,50.13
2026-08-08 17:09:45,63.89,58.32,58.27,58.22,57.34,43.10,37.56,45.48,50.22
2026-08-08 17:09:46,63.95,58.37,58.31,58.27,57.40,43.22,37.60,45.55,50.35
2026-08-08 17:09:47,64.01,58.43,58.39,58.33,57.44,43.27,37.64,45.60,50.45
2026-08-08 17:09:48,64.08,58.49,58.44,58.39,57.50,43.37,37.65,45.63,50.52
2026-08-08 17:09:49,64.13,58.54,58.51,58.45,57.55,43.41,37.71,45.68,50.62
2026-08-08 17:09:50,64.20,58.60,58.58,58.51,57.62,43.52,37.70,45.74,50.71
2026-08-08 17:09:51,64.26,58.66,58.63,58.55,57.67,43.62,37.74,45.72,50.77
2026-08-08 17:09:52,64.32,58.72,58.68,58.61,57.74,43.70,37.79,45.78,50.88
2026-08-08 17:09:53,64.38,58.78,58.75,58.67,57.77,43.76,37.80,45.83,50.98
2026-08-08 17:09:54,64.45,58.84,58.80,58.73,57.84,43.84,37.85,45.88,51.05
2026-08-08 17:09:55,64.52,58.90,58.87,58.81,57.90,43.90,37.90,45.89,51.09
2026-08-08 17:09:56,64.57,58.96,58.93,58.85,57.95,43.95,37.89,46.00,51.19
2026-08-08 17:09:57,64.63,59.01,59.00,58.92,58.00,44.03,37.95,46.04,51.25
2026-08-08 17:09:58,64.70,59.07,59.06,58.99,58.07,44.05,37.94,46.09,51.38
2026-08-08 17:09:59,64.76,59.13,59.12,59.03,58.14,44.11,37.98,46.14,51.42
2026-08-08 17:10:00,64.83,59.19,59.17,59.07,58.18,44.11,37.94,46.16,51.50
2026-08-08 17:10:01,64.89,59.25,59.23,59.14,58.24,44.14,37.99,46.22,51.60
2026-08-08 17:10:02,64.95,59.32,59.30,59.24,58.28,44.11,38.05,46.29,51.64
2026-08-08 17:10:03,65.02,59.38,59.36,59.29,58.34,44.22,38.18,46.33,51.72
2026-08-08 17:10:04,65.09,59.44,59.41,59.35,58.40,44.21,38.14,46.38,51.77
2026-08-08 17:10:05,65.16,59.49,59.48,59.40,58.44,44.24,38.14,46.44,51.84
2026-08-08 17:10:06,65.22,59.56,59.54,59.49,58.51,44.32,38.15,46.52,51.89
2026-08-08 17:10:07,65.29,59.62,59.60,59.53,58.56,44.38,38.15,46.56,51.96
2026-08-08 17:10:08,65.38,59.68,59.66,59.60,58.63,44.45,38.20,46.64,51.98
2026-08-08 17:10:09,65.45,59.75,59.71,59.64,58.68,44.55,38.21,46.71,52.02
2026-08-08 17:10:10,65.52,59.81,59.77,59.71,58.74,44.60,38.24,46.77,52.09
2026-08-08 17:10:11,65.59,59.85,59.83,59.74,58.78,44.69,38.22,46.81,52.09
2026-08-08 17:10:12,65.65,59.92,59.89,59.82,58.85,44.75,38.25,46.86,52.13
2026-08-08 17:10:13,65.72,59.98,59.94,59.87,58.90,44.78,38.28,46.91,52.17
2026-08-08 17:10:14,65.79,60.05,60.00,59.94,58.98,44.78,38.31,46.95,52.18
2026-08-08 17:10:15,65.85,60.10,60.07,59.99,59.03,44.89,38.30,47.04,52.25
2026-08-08 17:10:16,65.91,60.17,60.13,60.04,59.04,44.90,38.31,47.04,52.26
2026-08-08 17:10:17,65.97,60.22,60.19,60.12,59.12,45.00,38.31,47.13,52.32
2026-08-08 17:10:18,66.03,60.28,60.25,60.19,59.18,45.04,38.35,47.17,52.32
2026-08-08 17:10:19,66.09,60.34,60.31,60.24,59.25,45.10,38.36,47.24,52.40
2026-08-08 17:10:20,66.15,60.40,60.38,60.31,59.30,45.18,38.38,47.29,52.41
2026-08-08 17:10:21,66.21,60.45,60.42,60.37,59.36,45.25,38.43,47.29,52.48
2026-08-08 17:10:22,66.27,60.51,60.50,60.42,59.42,45.31,38.43,47.32,52.51
2026-08-08 17:10:23,66.34,60.57,60.54,60.49,59.47,45.41,38.42,47.38,52.55
2026-08-08 17:10:24,66.40,60.62,60.61,60.54,59.51,45.43,38.44,47.41,52.62
2026-08-08 17:10:25,66.45,60.68,60.68,60.60,59.59,45.49,38.55,47.43,52.68
2026-08-08 17:10:26,66.52,60.74,60.73,60.67,59.64,45.59,38.48,47.46,52.75
2026-08-08 17:10:27,66.57,60.81,60.78,60.71,59.70,45.64,38.49,47.49,52.81
2026-08-08 17:10:28,66.64,60.85,60.85,60.77,59.76,45.74,38.50,47.57,52.85
2026-08-08 17:10:29,66.70,60.91,60.90,60.84,59.82,45.86,38.51,47.63,52.92
2026-08-08 17:10:30,66.77,60.97,60.96,60.91,59.86,45.92,38.51,47.60,52.95
2026-08-08 17:10:31,66.83,61.03,61.02,60.94,59.91,45.88,38.55,47.66,53.02
2026-08-08 17:10:32,66.89,61.09,61.07,61.01,59.97,46.02,38.51,47.68,53.06
2026-08-08 17:10:33,66.95,61.15,61.13,61.07,60.03,46.10,38.53,47.71,53.05
2026-08-08 17:10:34,67.01,61.21,61.17,61.14,60.09,46.15,38.55,47.75,53.07
2026-08-08 17:10:35,67.08,61.27,61.24,61.20,60.15,46.21,38.60,47.78,53.17
2026-08-08 17:10:36,67.14,61.33,61.29,61.26,60.20,46.24,38.59,47.79,53.17
2026-08-08 17:10:37,67.21,61.39,61.35,61.33,60.23,46.34,38.62,47.84,53.19
2026-08-08 17:10:38,67.28,61.46,61.41,61.39,60.30,46.38,38.58,47.86,53.18
2026-08-08 17:10:39,67.34,61.51,61.48,61.44,60.36,46.42,38.60,47.93,53.17
2026-08-08 17:10:40,67.41,61.56,61.51,61.49,60.41,46.52,38.63,48.01,53.19
2026-08-08 17:10:41,67.47,61.63,61.56,61.56,60.45,46.56,38.64,48.08,53.19
2026-08-08 17:10:42,67.53,61.69,61.62,61.61,60.48,46.62,38.67,48.07,53.21
2026-08-08 17:10:43,67.59,61.74,61.69,61.67,60.55,46.64,38.66,48.16,53.26
2026-08-08 17:10:44,67.70,61.83,61.79,61.78,60.64,46.69,38.70,48.24,53.32
2026-08-08 17:10:45,67.76,61.89,61.85,61.83,60.71,46.72,38.78,48.30,53.38
2026-08-08 17:10:46,67.83,61.94,61.90,61.91,60.76,46.80,38.79,48.33,53.47
2026-08-08 17:10:47,67.89,62.02,61.96,61.97,60.81,46.81,38.71,48.39,53.50
2026-08-08 17:10:48,67.96,62.08,62.01,62.03,60.87,46.89,38.76,48.45,53.56
2026-08-08 17:10:50,68.02,62.14,62.06,62.08,60.94,46.91,38.77,48.50,53.60
2026-08-08 17:10:51,68.09,62.19,62.14,62.15,60.99,46.94,38.79,48.54,53.67
2026-08-08 17:10:52,68.15,62.25,62.18,62.20,61.01,46.97,38.84,48.60,53.76
2026-08-08 17:10:53,68.22,62.30,62.25,62.26,61.08,47.04,38.81,48.68,53.82
2026-08-08 17:10:54,68.28,62.36,62.31,62.32,61.15,47.09,38.84,48.73,53.89
2026-08-08 17:10:55,68.34,62.43,62.34,62.37,61.19,47.08,38.82,48.80,53.94
2026-08-08 17:10:56,68.40,62.49,62.41,62.43,61.26,47.14,38.88,48.87,54.00
2026-08-08 17:10:57,68.47,62.55,62.47,62.48,61.31,47.16,38.89,48.94,54.08
2026-08-08 17:10:58,68.53,62.60,62.54,62.53,61.39,47.15,38.93,49.07,54.16
2026-08-08 17:10:59,68.60,62.66,62.58,62.59,61.44,47.15,38.94,49.11,54.25
2026-08-08 17:11:00,68.67,62.73,62.63,62.65,61.50,47.18,38.93,49.18,54.30
2026-08-08 17:11:01,68.74,62.79,62.71,62.70,61.56,47.14,38.99,49.31,54.36
2026-08-08 17:11:02,68.80,62.85,62.76,62.75,61.63,47.18,39.02,49.36,54.42
2026-08-08 17:11:03,68.87,62.91,62.83,62.80,61.69,47.19,39.11,49.40,54.49
2026-08-08 17:11:04,68.94,62.96,62.86,62.86,61.75,47.23,39.07,49.49,54.57
2026-08-08 17:11:05,69.00,63.02,62.93,62.92,61.81,47.20,39.11,49.56,54.62
2026-08-08 17:11:06,69.07,63.09,62.99,62.97,61.88,47.24,39.12,49.61,54.68
2026-08-08 17:11:07,69.14,63.15,63.04,63.03,61.92,47.23,39.12,49.71,54.77
2026-08-08 17:11:08,69.21,63.20,63.10,63.10,61.99,47.23,39.18,49.73,54.82
2026-08-08 17:11:09,69.27,63.26,63.15,63.16,62.06,47.25,39.22,49.79,54.91
2026-08-08 17:11:10,69.34,63.31,63.22,63.21,62.12,47.27,39.25,49.82,54.98
2026-08-08 17:11:11,69.41,63.37,63.27,63.28,62.16,47.32,39.31,49.84,55.07
2026-08-08 17:11:12,69.47,63.44,63.32,63.34,62.22,47.34,39.31,49.87,55.09
2026-08-08 17:11:13,69.54,63.49,63.36,63.39,62.28,47.37,39.40,49.89,55.22
2026-08-08 17:11:14,69.60,63.55,63.43,63.45,62.34,47.41,39.42,49.92,55.28
2026-08-08 17:11:15,69.66,63.61,63.49,63.51,62.39,47.42,39.43,49.93,55.36
2026-08-08 17:11:16,69.73,63.66,63.52,63.55,62.45,47.48,39.44,49.96,55.47
2026-08-08 17:11:17,69.79,63.71,63.60,63.61,62.50,47.48,39.50,50.01,55.50
2026-08-08 17:11:18,69.85,63.77,63.65,63.67,62.57,47.51,39.54,50.04,55.58
2026-08-08 17:11:19,69.91,63.83,63.72,63.73,62.65,47.53,39.56,50.05,55.69
2026-08-08 17:11:20,69.98,63.88,63.78,63.80,62.69,47.56,39.59,50.09,55.74
2026-08-08 17:11:21,70.04,63.94,63.82,63.85,62.73,47.61,39.64,50.13,55.78
2026-08-08 17:11:22,70.10,64.00,63.89,63.90,62.79,47.68,39.68,50.15,55.88
2026-08-08 17:11:23,70.16,64.06,63.94,63.97,62.84,47.70,39.69,50.22,55.91
2026-08-08 17:11:24,70.23,64.11,64.00,64.03,62.89,47.71,39.74,50.23,55.97
2026-08-08 17:11:25,70.29,64.17,64.06,64.07,62.95,47.79,39.72,50.27,56.01
2026-08-08 17:11:26,70.35,64.24,64.10,64.14,63.01,47.84,39.77,50.30,56.05
2026-08-08 17:11:27,70.43,64.29,64.17,64.18,63.06,47.90,39.81,50.34,56.11
2026-08-08 17:11:28,70.49,64.35,64.23,64.24,63.10,47.92,39.86,50.33,56.15
2026-08-08 17:11:29,70.55,64.40,64.29,64.30,63.15,47.93,39.84,50.35,56.18
2026-08-08 17:11:30,70.61,64.45,64.34,64.35,63.19,47.93,39.85,50.35,56.21
2026-08-08 17:11:31,70.67,64.52,64.40,64.40,63.26,47.92,39.89,50.39,56.24
2026-08-08 17:11:32,70.73,64.57,64.46,64.46,63.30,47.94,39.92,50.39,56.26
2026-08-08 17:11:33,70.79,64.62,64.50,64.53,63.35,47.98,39.95,50.42,56.34
2026-08-08 17:11:34,70.85,64.67,64.56,64.57,63.41,48.01,39.98,50.49,56.36
2026-08-08 17:11:35,70.90,64.73,64.61,64.63,63.46,48.07,39.93,50.51,56.40
2026-08-08 17:11:36,70.96,64.78,64.69,64.69,63.51,48.14,40.04,50.53,56.43
2026-08-08 17:11:37,71.02,64.84,64.74,64.75,63.55,48.17,40.04,50.58,56.47
2026-08-08 17:11:38,71.08,64.89,64.81,64.80,63.60,48.20,40.05,50.63,56.53
2026-08-08 17:11:39,71.13,64.95,64.85,64.87,63.64,48.22,40.09,50.67,56.55
2026-08-08 17:11:40,71.19,65.00,64.91,64.93,63.69,48.25,40.10,50.64,56.56
2026-08-08 17:11:41,71.24,65.06,64.97,64.97,63.75,48.28,40.15,50.67,56.60
2026-08-08 17:11:42,71.31,65.11,65.03,65.03,63.81,48.36,40.14,50.73,56.63
2026-08-08 17:11:43,71.36,65.16,65.09,65.09,63.85,48.44,40.15,50.75,56.64
2026-08-08 17:11:44,71.42,65.23,65.13,65.15,63.91,48.49,40.18,50.80,56.70
2026-08-08 17:11:45,71.48,65.27,65.20,65.19,63.97,48.57,40.22,50.83,56.72
2026-08-08 17:11:46,71.53,65.33,65.26,65.26,64.01,48.63,40.21,50.90,56.75
2026-08-08 17:11:47,71.59,65.39,65.31,65.31,64.08,48.67,40.26,50.91,56.82
2026-08-08 17:11:48,71.66,65.45,65.35,65.36,64.13,48.75,40.24,50.97,56.88
2026-08-08 17:11:49,71.71,65.50,65.43,65.41,64.19,48.76,40.32,50.98,56.91
2026-08-08 17:11:50,71.77,65.56,65.46,65.46,64.25,48.86,40.35,51.04,57.01
2026-08-08 17:11:51,71.84,65.61,65.51,65.52,64.31,48.89,40.34,51.08,57.07
2026-08-08 17:11:52,71.90,65.67,65.57,65.58,64.37,48.86,40.44,51.10,57.16
2026-08-08 17:11:53,71.96,65.74,65.63,65.62,64.44,48.88,40.49,51.13,57.21
2026-08-08 17:11:54,72.02,65.80,65.67,65.69,64.49,48.86,40.48,51.17,57.29
2026-08-08 17:11:55,72.08,65.85,65.73,65.73,64.57,48.83,40.53,51.21,57.36
2026-08-08 17:11:56,72.14,65.91,65.80,65.78,64.62,48.78,40.53,51.23,57.43
2026-08-08 17:11:57,72.20,65.97,65.84,65.85,64.67,48.78,40.57,51.28,57.50
2026-08-08 17:11:58,72.26,66.03,65.92,65.92,64.73,48.80,40.59,51.28,57.54
2026-08-08 17:11:59,72.32,66.09,65.94,65.96,64.79,48.86,40.65,51.36,57.62
2026-08-08 17:12:00,72.39,66.14,66.00,66.01,64.83,48.88,40.64,51.35,57.66
2026-08-08 17:12:01,72.45,66.20,66.05,66.08,64.89,48.94,40.71,51.39,57.73
2026-08-08 17:12:02,72.51,66.25,66.11,66.13,64.94,48.99,40.72,51.39,57.81
2026-08-08 17:12:03,72.57,66.30,66.16,66.19,64.99,49.04,40.70,51.44,57.82
2026-08-08 17:12:04,72.64,66.36,66.23,66.23,65.04,49.15,40.77,51.47,57.88
2026-08-08 17:12:05,72.67,66.40,66.27,66.28,65.08,49.16,40.78,51.50,57.94
2026-08-08 17:12:06,72.75,66.48,66.34,66.36,65.14,49.20,40.77,51.52,57.98
2026-08-08 17:12:07,72.85,66.57,66.42,66.45,65.25,49.35,40.84,51.58,58.09
2026-08-08 17:12:09,72.90,66.63,66.48,66.51,65.30,49.32,40.84,51.60,58.12
2026-08-08 17:12:10,72.95,66.68,66.54,66.57,65.36,49.32,40.91,51.63,58.17
2026-08-08 17:12:11,73.01,66.75,66.59,66.64,65.42,49.35,40.91,51.66,58.21
2026-08-08 17:12:12,73.07,66.79,66.64,66.68,65.46,49.35,40.94,51.71,58.26
2026-08-08 17:12:13,73.12,66.84,66.69,66.74,65.52,49.42,40.99,51.79,58.31
2026-08-08 17:12:14,73.17,66.90,66.75,66.79,65.57,49.44,41.02,51.80,58.39
2026-08-08 17:12:15,73.22,66.95,66.80,66.85,65.62,49.44,41.07,51.84,58.43
2026-08-08 17:12:16,73.28,67.01,66.86,66.89,65.68,49.45,41.09,51.86,58.49
2026-08-08 17:12:17,73.35,67.08,66.93,66.95,65.73,49.45,41.12,51.87,58.55
2026-08-08 17:12:18,73.38,67.12,66.97,67.00,65.79,49.43,41.14,51.89,58.58
2026-08-08 17:12:19,73.45,67.16,67.04,67.05,65.82,49.42,41.16,51.91,58.66
2026-08-08 17:12:20,73.52,67.23,67.10,67.11,65.90,49.42,41.19,51.92,58.71
2026-08-08 17:12:21,73.56,67.27,67.14,67.17,65.95,49.43,41.21,51.92,58.76
2026-08-08 17:12:22,73.63,67.35,67.21,67.22,66.00,49.42,41.24,52.00,58.81
2026-08-08 17:12:23,73.67,67.39,67.26,67.27,66.04,49.50,41.30,52.02,58.89
2026-08-08 17:12:24,73.73,67.44,67.29,67.31,66.10,49.52,41.30,52.02,58.95
2026-08-08 17:12:25,73.79,67.50,67.37,67.38,66.14,49.55,41.40,52.05,58.99
2026-08-08 17:12:26,73.85,67.56,67.40,67.43,66.20,49.59,41.41,52.09,59.07
2026-08-08 17:12:27,73.92,67.62,67.48,67.51,66.26,49.68,41.44,52.14,59.13
2026-08-08 17:12:28,73.97,67.67,67.52,67.54,66.31,49.73,41.41,52.16,59.19
2026-08-08 17:12:29,74.02,67.73,67.58,67.60,66.35,49.80,41.44,52.23,59.23
2026-08-08 17:12:30,74.08,67.78,67.61,67.65,66.40,49.86,41.46,52.30,59.29
2026-08-08 17:12:31,74.14,67.84,67.69,67.71,66.46,49.91,41.48,52.36,59.35
2026-08-08 17:12:32,74.20,67.90,67.75,67.76,66.53,49.96,41.51,52.41,59.42
2026-08-08 17:12:33,74.26,67.94,67.79,67.82,66.55,50.08,41.55,52.45,59.42
2026-08-08 17:12:34,74.31,68.00,67.85,67.88,66.62,50.17,41.58,52.53,59.47
2026-08-08 17:12:35,74.39,68.06,67.91,67.92,66.68,50.22,41.63,52.58,59.53
2026-08-08 17:12:36,74.45,68.12,67.96,67.98,66.72,50.32,41.65,52.59,59.54
2026-08-08 17:12:37,74.51,68.17,68.02,68.04,66.79,50.39,41.67,52.63,59.61
2026-08-08 17:12:38,74.57,68.23,68.08,68.09,66.86,50.41,41.69,52.65,59.64
2026-08-08 17:12:39,74.63,68.29,68.12,68.15,66.90,50.46,41.69,52.68,59.67
2026-08-08 17:12:40,74.68,68.34,68.18,68.20,66.96,50.55,41.76,52.71,59.70
2026-08-08 17:12:41,74.74,68.39,68.23,68.26,67.00,50.55,41.76,52.74,59.75
2026-08-08 17:12:42,74.80,68.45,68.27,68.31,67.04,50.61,41.77,52.77,59.84
2026-08-08 17:12:43,74.85,68.50,68.34,68.37,67.09,50.63,41.86,52.78,59.86
2026-08-08 17:12:44,74.91,68.56,68.40,68.43,67.15,50.68,41.85,52.85,59.90
2026-08-08 17:12:45,74.96,68.61,68.46,68.47,67.20,50.78,41.88,52.88,59.99
2026-08-08 17:12:46,75.02,68.67,68.51,68.53,67.25,50.80,41.93,52.90,60.04
2026-08-08 17:12:47,75.06,68.72,68.57,68.60,67.30,50.86,41.92,52.92,60.06
2026-08-08 17:12:48,75.12,68.76,68.62,68.66,67.34,50.89,42.00,52.99,60.15
2026-08-08 17:12:49,75.17,68.82,68.67,68.70,67.38,50.97,41.99,53.01,60.19
2026-08-08 17:12:50,75.22,68.87,68.73,68.76,67.44,51.02,42.04,53.05,60.23
2026-08-08 17:12:51,75.28,68.92,68.79,68.81,67.50,51.06,42.06,53.12,60.27
2026-08-08 17:12:52,75.33,68.98,68.82,68.86,67.54,51.13,42.06,53.16,60.28
2026-08-08 17:12:53,75.39,69.03,68.89,68.93,67.58,51.25,42.07,53.21,60.31
2026-08-08 17:12:54,75.44,69.09,68.94,68.97,67.63,51.32,42.09,53.27,60.33
2026-08-08 17:12:55,75.49,69.14,69.00,69.02,67.69,51.36,42.09,53.33,60.31
2026-08-08 17:12:56,75.55,69.19,69.06,69.09,67.74,51.48,42.08,53.36,60.32
2026-08-08 17:12:57,75.61,69.25,69.10,69.15,67.77,51.57,42.10,53.39,60.30
2026-08-08 17:12:58,75.66,69.30,69.17,69.19,67.83,51.61,42.12,53.44,60.30
2026-08-08 17:12:59,75.72,69.36,69.22,69.24,67.87,51.70,42.14,53.48,60.30
2026-08-08 17:13:00,75.77,69.41,69.28,69.30,67.91,51.70,42.17,53.50,60.31
2026-08-08 17:13:01,75.83,69.47,69.33,69.34,67.96,51.71,42.20,53.55,60.30
2026-08-08 17:13:02,75.88,69.52,69.39,69.40,68.00,51.70,42.16,53.58,60.33
2026-08-08 17:13:03,75.94,69.57,69.44,69.46,68.06,51.72,42.22,53.54,60.34
2026-08-08 17:13:04,75.99,69.64,69.50,69.50,68.12,51.75,42.21,53.55,60.35
2026-08-08 17:13:05,76.06,69.68,69.54,69.55,68.15,51.79,42.23,53.57,60.37
2026-08-08 17:13:06,76.11,69.74,69.60,69.61,68.22,51.80,42.24,53.57,60.37
2026-08-08 17:13:07,76.16,69.80,69.64,69.67,68.27,51.82,42.22,53.60,60.39
2026-08-08 17:13:08,76.22,69.84,69.70,69.71,68.34,51.88,42.26,53.66,60.43
2026-08-08 17:13:09,76.27,69.90,69.75,69.76,68.38,51.94,42.27,53.69,60.46
2026-08-08 17:13:10,76.32,69.96,69.80,69.83,68.43,51.96,42.31,53.76,60.48
2026-08-08 17:13:11,76.39,70.01,69.87,69.88,68.49,51.96,42.36,53.78,60.50
2026-08-08 17:13:12,76.43,70.07,69.91,69.93,68.54,52.01,42.36,53.80,60.55
2026-08-08 17:13:13,76.49,70.13,69.96,69.99,68.60,52.00,42.40,53.84,60.58
2026-08-08 17:13:14,76.54,70.19,70.03,70.03,68.65,52.05,42.40,53.89,60.66
2026-08-08 17:13:15,76.60,70.24,70.08,70.10,68.71,52.09,42.48,53.90,60.71
2026-08-08 17:13:16,76.66,70.29,70.13,70.15,68.77,52.15,42.53,53.94,60.77
2026-08-08 17:13:17,76.71,70.35,70.18,70.21,68.81,52.20,42.58,53.96,60.81
2026-08-08 17:13:18,76.76,70.41,70.24,70.26,68.87,52.22,42.58,53.99,60.87
2026-08-08 17:13:19,76.82,70.45,70.27,70.31,68.92,52.26,42.62,54.00,60.92
2026-08-08 17:13:20,76.88,70.51,70.34,70.37,68.97,52.29,42.66,54.05,60.98
2026-08-08 17:13:21,76.93,70.56,70.40,70.41,69.02,52.30,42.70,54.07,61.05
2026-08-08 17:13:22,76.98,70.61,70.44,70.48,69.08,52.31,42.76,54.09,61.12
2026-08-08 17:13:23,77.03,70.67,70.50,70.53,69.13,52.31,42.82,54.14,61.21
2026-08-08 17:13:24,77.09,70.72,70.55,70.58,69.18,52.32,42.91,54.19,61.29
2026-08-08 17:13:25,77.17,70.81,70.64,70.67,69.28,52.37,42.97,54.25,61.45
2026-08-08 17:13:27,77.24,70.88,70.71,70.74,69.34,52.39,43.05,54.26,61.49
2026-08-08 17:13:28,77.27,70.92,70.75,70.78,69.36,52.45,43.12,54.30,61.52
2026-08-08 17:13:29,77.33,70.98,70.81,70.84,69.41,52.44,43.11,54.33,61.56
2026-08-08 17:13:30,77.39,71.04,70.86,70.91,69.45,52.47,43.19,54.35,61.62
2026-08-08 17:13:31,77.43,71.08,70.91,70.93,69.50,52.53,43.20,54.39,61.66
2026-08-08 17:13:32,77.49,71.14,70.97,71.01,69.55,52.59,43.25,54.45,61.68
2026-08-08 17:13:33,77.53,71.19,71.00,71.04,69.60,52.67,43.25,54.44,61.69
2026-08-08 17:13:34,77.58,71.24,71.07,71.10,69.64,52.77,43.32,54.52,61.73
2026-08-08 17:13:35,77.64,71.30,71.12,71.15,69.69,52.83,43.29,54.55,61.73
2026-08-08 17:13:36,77.69,71.34,71.18,71.21,69.73,52.89,43.34,54.54,61.73
2026-08-08 17:13:37,77.74,71.39,71.21,71.25,69.78,52.94,43.38,54.56,61.75
2026-08-08 17:13:38,77.79,71.45,71.27,71.30,69.81,52.99,43.37,54.62,61.73
2026-08-08 17:13:39,77.85,71.50,71.34,71.37,69.86,53.05,43.41,54.61,61.74
2026-08-08 17:13:40,77.92,71.56,71.40,71.43,69.92,53.08,43.38,54.63,61.68
2026-08-08 17:13:41,77.97,71.61,71.44,71.46,69.95,53.13,43.38,54.67,61.69
2026-08-08 17:13:42,78.03,71.66,71.49,71.52,70.00,53.18,43.39,54.69,61.70
2026-08-08 17:13:43,78.09,71.71,71.54,71.56,70.05,53.19,43.37,54.72,61.69
2026-08-08 17:13:44,78.15,71.76,71.59,71.61,70.10,53.20,43.38,54.77,61.68
2026-08-08 17:13:45,78.22,71.83,71.65,71.68,70.15,53.27,43.39,54.80,61.71
2026-08-08 17:13:46,78.27,71.87,71.70,71.72,70.19,53.27,43.43,54.80,61.72
2026-08-08 17:13:47,78.32,71.92,71.75,71.77,70.25,53.31,43.43,54.82,61.75
2026-08-08 17:13:48,78.38,71.98,71.81,71.83,70.29,53.35,43.47,54.88,61.80
2026-08-08 17:13:49,78.43,72.03,71.86,71.85,70.37,53.38,43.50,54.92,61.83
2026-08-08 17:13:50,78.48,72.08,71.91,71.93,70.42,53.40,43.50,54.96,61.83
2026-08-08 17:13:51,78.53,72.13,71.96,71.98,70.45,53.48,43.53,55.04,61.90
2026-08-08 17:13:52,78.58,72.18,72.02,72.03,70.51,53.53,43.55,55.09,61.99
2026-08-08 17:13:53,78.63,72.24,72.07,72.08,70.56,53.54,43.55,55.09,62.03
2026-08-08 17:13:54,78.68,72.29,72.14,72.14,70.61,53.62,43.61,55.15,62.07
2026-08-08 17:13:55,78.74,72.34,72.19,72.20,70.67,53.63,43.66,55.17,62.14
2026-08-08 17:13:56,78.78,72.40,72.24,72.24,70.72,53.66,43.72,55.23,62.20
2026-08-08 17:13:57,78.83,72.44,72.28,72.30,70.77,53.68,43.74,55.29,62.24
2026-08-08 17:13:58,78.88,72.50,72.35,72.35,70.83,53.67,43.82,55.30,62.33
2026-08-08 17:13:59,78.93,72.56,72.40,72.40,70.89,53.70,43.85,55.35,62.41
2026-08-08 17:14:00,78.98,72.61,72.46,72.46,70.95,53.70,43.96,55.38,62.51
2026-08-08 17:14:01,79.03,72.66,72.49,72.52,71.01,53.72,44.03,55.41,62.60
2026-08-08 17:14:02,79.09,72.72,72.55,72.59,71.04,53.73,44.11,55.43,62.66
2026-08-08 17:14:03,79.14,72.77,72.60,72.62,71.08,53.79,44.17,55.51,62.76
2026-08-08 17:14:04,79.19,72.82,72.66,72.67,71.16,53.79,44.26,55.51,62.80
2026-08-08 17:14:05,79.23,72.87,72.72,72.73,71.20,53.85,44.30,55.57,62.87
2026-08-08 17:14:06,79.29,72.92,72.76,72.77,71.23,53.85,44.37,55.61,62.94
2026-08-08 17:14:07,79.34,72.98,72.82,72.82,71.28,53.88,44.44,55.64,63.02
2026-08-08 17:14:08,79.41,73.02,72.88,72.88,71.34,53.92,44.47,55.67,63.04
2026-08-08 17:14:09,79.45,73.07,72.92,72.94,71.38,53.91,44.55,55.67,63.12
2026-08-08 17:14:10,79.51,73.13,72.98,72.99,71.44,53.94,44.56,55.69,63.19
2026-08-08 17:14:11,79.56,73.18,73.03,73.05,71.52,53.96,44.60,55.69,63.22
2026-08-08 17:14:12,79.61,73.24,73.06,73.07,71.57,53.98,44.67,55.74,63.25
2026-08-08 17:14:13,79.67,73.29,73.13,73.13,71.61,54.01,44.72,55.77,63.31
2026-08-08 17:14:14,79.72,73.35,73.16,73.18,71.68,53.96,44.78,55.82,63.35
2026-08-08 17:14:15,79.77,73.39,73.22,73.24,71.72,53.98,44.86,55.82,63.45
2026-08-08 17:14:16,79.82,73.45,73.27,73.29,71.78,54.04,44.91,55.87,63.53
2026-08-08 17:14:17,79.87,73.51,73.32,73.34,71.84,54.07,44.99,55.93,63.62
2026-08-08 17:14:18,79.92,73.56,73.39,73.40,71.88,54.09,45.07,55.94,63.67
2026-08-08 17:14:19,79.98,73.61,73.45,73.45,71.93,54.09,45.13,56.00,63.75
2026-08-08 17:14:20,80.02,73.67,73.49,73.51,71.99,54.18,45.18,56.05,63.84
2026-08-08 17:14:21,80.07,73.72,73.55,73.56,72.04,54.19,45.21,56.10,63.92
2026-08-08 17:14:22,80.12,73.77,73.60,73.62,72.10,54.22,45.28,56.13,63.97
2026-08-08 17:14:23,80.18,73.83,73.64,73.66,72.13,54.22,45.32,56.20,64.03
2026-08-08 17:14:24,80.23,73.88,73.69,73.71,72.17,54.28,45.34,56.25,64.01
2026-08-08 17:14:25,80.28,73.93,73.73,73.77,72.23,54.31,45.38,56.31,64.09
2026-08-08 17:14:26,80.33,73.98,73.78,73.82,72.27,54.38,45.45,56.36,64.13
2026-08-08 17:14:27,80.39,74.04,73.84,73.88,72.33,54.46,45.45,56.41,64.13
2026-08-08 17:14:28,80.44,74.08,73.91,73.92,72.37,54.53,45.47,56.46,64.18
2026-08-08 17:14:29,80.49,74.15,73.95,73.98,72.45,54.63,45.56,56.50,64.22
2026-08-08 17:14:30,80.55,74.20,74.00,74.04,72.49,54.69,45.56,56.54,64.24
2026-08-08 17:14:31,80.60,74.26,74.05,74.10,72.54,54.77,45.62,56.57,64.26
2026-08-08 17:14:32,80.66,74.31,74.10,74.15,72.59,54.86,45.64,56.63,64.30
2026-08-08 17:14:33,80.71,74.37,74.17,74.19,72.65,54.98,45.67,56.69,64.32
2026-08-08 17:14:34,80.77,74.43,74.20,74.26,72.71,55.06,45.76,56.76,64.35
2026-08-08 17:14:35,80.82,74.48,74.26,74.31,72.74,55.16,45.75,56.79,64.41
2026-08-08 17:14:36,80.87,74.53,74.31,74.36,72.80,55.24,45.82,56.81,64.43
2026-08-08 17:14:37,80.92,74.59,74.36,74.41,72.86,55.38,45.83,56.83,64.46
2026-08-08 17:14:38,80.98,74.65,74.42,74.47,72.92,55.48,45.88,56.90,64.55
2026-08-08 17:14:39,81.03,74.70,74.47,74.52,72.96,55.57,45.92,56.90,64.59
2026-08-08 17:14:40,81.09,74.75,74.54,74.58,73.02,55.67,45.93,56.95,64.63
2026-08-08 17:14:41,81.13,74.81,74.58,74.64,73.07,55.73,45.94,57.03,64.69
2026-08-08 17:14:42,81.18,74.86,74.64,74.69,73.13,55.81,45.98,57.07,64.73
2026-08-08 17:14:43,81.27,74.95,74.74,74.80,73.22,55.92,45.98,57.21,64.84
2026-08-08 17:14:45,81.33,75.01,74.81,74.84,73.29,55.99,46.01,57.28,64.90
2026-08-08 17:14:46,81.37,75.05,74.85,74.88,73.34,56.05,46.04,57.33,64.97
2026-08-08 17:14:47,81.42,75.11,74.90,74.93,73.38,56.10,46.02,57.40,65.02
2026-08-08 17:14:48,81.48,75.16,74.95,75.00,73.44,56.17,46.07,57.48,65.07
2026-08-08 17:14:49,81.52,75.22,75.01,75.06,73.49,56.28,46.10,57.58,65.16
2026-08-08 17:14:50,81.58,75.28,75.06,75.12,73.55,56.33,46.16,57.65,65.19
2026-08-08 17:14:51,81.62,75.31,75.10,75.17,73.59,56.39,46.19,57.72,65.25
2026-08-08 17:14:52,81.67,75.37,75.15,75.21,73.64,56.46,46.20,57.80,65.29
2026-08-08 17:14:53,81.73,75.44,75.22,75.29,73.70,56.53,46.23,57.86,65.33
2026-08-08 17:14:54,81.77,75.48,75.26,75.32,73.74,56.54,46.31,57.97,65.40
2026-08-08 17:14:55,81.82,75.54,75.33,75.38,73.80,56.54,46.37,58.01,65.48
2026-08-08 17:14:56,81.86,75.58,75.35,75.41,73.84,56.53,46.45,58.05,65.53
2026-08-08 17:14:57,81.91,75.63,75.41,75.47,73.90,56.50,46.53,58.12,65.58
2026-08-08 17:14:58,81.96,75.69,75.46,75.52,73.92,56.50,46.58,58.19,65.69
2026-08-08 17:14:59,82.01,75.74,75.51,75.57,73.98,56.49,46.60,58.21,65.71
2026-08-08 17:15:00,82.07,75.80,75.56,75.63,74.06,56.47,46.64,58.29,65.77
2026-08-08 17:15:01,82.12,75.84,75.62,75.67,74.08,56.47,46.71,58.36,65.83
2026-08-08 17:15:02,82.17,75.90,75.66,75.73,74.14,56.47,46.72,58.43,65.85
2026-08-08 17:15:03,82.22,75.94,75.71,75.77,74.19,56.49,46.76,58.50,65.91
2026-08-08 17:15:04,82.28,76.01,75.77,75.82,74.23,56.54,46.77,58.55,65.94
2026-08-08 17:15:05,82.34,76.07,75.83,75.90,74.30,56.56,46.78,58.59,65.94
2026-08-08 17:15:06,82.38,76.11,75.88,75.93,74.34,56.58,46.79,58.59,65.98
2026-08-08 17:15:07,82.44,76.16,75.92,75.98,74.40,56.64,46.81,58.62,65.99
2026-08-08 17:15:08,82.49,76.21,75.98,76.03,74.45,56.71,46.83,58.63,66.01
2026-08-08 17:15:09,82.55,76.27,76.03,76.08,74.49,56.76,46.82,58.67,66.03
2026-08-08 17:15:10,82.60,76.32,76.08,76.13,74.54,56.81,46.91,58.70,66.07
2026-08-08 17:15:11,82.65,76.37,76.13,76.19,74.61,56.86,46.96,58.71,66.08
2026-08-08 17:15:12,82.70,76.43,76.20,76.23,74.66,56.96,46.99,58.70,66.11
2026-08-08 17:15:13,82.75,76.47,76.24,76.28,74.68,57.00,47.03,58.70,66.15
2026-08-08 17:15:14,82.80,76.53,76.30,76.34,74.74,57.06,47.09,58.71,66.21
2026-08-08 17:15:15,82.85,76.58,76.34,76.39,74.80,57.14,47.11,58.69,66.24
2026-08-08 17:15:16,82.89,76.62,76.41,76.44,74.85,57.18,47.17,58.69,66.27
2026-08-08 17:15:17,82.94,76.67,76.45,76.50,74.91,57.25,47.20,58.69,66.29
2026-08-08 17:15:18,82.99,76.72,76.51,76.58,74.94,57.36,47.30,58.74,66.37
2026-08-08 17:15:19,83.04,76.77,76.55,76.61,75.00,57.43,47.33,58.73,66.40
2026-08-08 17:15:20,83.08,76.83,76.60,76.67,75.03,57.50,47.34,58.75,66.43
2026-08-08 17:15:21,83.13,76.87,76.65,76.72,75.09,57.56,47.38,58.80,66.47
2026-08-08 17:15:22,83.18,76.93,76.71,76.76,75.14,57.65,47.41,58.86,66.51
2026-08-08 17:15:23,83.23,76.98,76.75,76.82,75.18,57.73,47.44,58.88,66.53
2026-08-08 17:15:24,83.27,77.03,76.82,76.87,75.23,57.79,47.48,58.95,66.59
2026-08-08 17:15:25,83.32,77.08,76.87,76.93,75.27,57.79,47.53,59.00,66.60
2026-08-08 17:15:26,83.39,77.13,76.91,76.97,75.31,57.82,47.52,59.03,66.62
2026-08-08 17:15:27,83.44,77.18,76.97,77.02,75.36,57.79,47.53,59.06,66.65
2026-08-08 17:15:28,83.50,77.24,77.02,77.06,75.42,57.79,47.54,59.09,66.68
2026-08-08 17:15:29,83.56,77.29,77.07,77.10,75.47,57.78,47.55,59.12,66.70
2026-08-08 17:15:30,83.62,77.34,77.12,77.16,75.52,57.79,47.53,59.19,66.77
2026-08-08 17:15:31,83.67,77.39,77.18,77.21,75.57,57.79,47.55,59.21,66.78
2026-08-08 17:15:32,83.73,77.45,77.23,77.26,75.63,57.81,47.56,59.21,66.78
2026-08-08 17:15:33,83.78,77.50,77.28,77.32,75.68,57.81,47.57,59.25,66.85
2026-08-08 17:15:34,83.83,77.55,77.33,77.37,75.73,57.82,47.55,59.28,66.87
2026-08-08 17:15:35,83.89,77.62,77.38,77.41,75.77,57.80,47.60,59.29,66.91
2026-08-08 17:15:36,83.94,77.66,77.45,77.47,75.83,57.80,47.60,59.30,66.92
2026-08-08 17:15:37,83.98,77.70,77.50,77.51,75.88,57.77,47.64,59.32,66.94
2026-08-08 17:15:38,84.03,77.75,77.55,77.55,75.92,57.75,47.68,59.31,66.97
2026-08-08 17:15:39,84.08,77.80,77.58,77.62,75.98,57.76,47.71,59.31,67.01
2026-08-08 17:15:40,84.12,77.86,77.65,77.66,76.03,57.74,47.75,59.32,67.06
2026-08-08 17:15:41,84.18,77.91,77.71,77.71,76.07,57.74,47.73,59.34,67.05
2026-08-08 17:15:42,84.22,77.95,77.75,77.77,76.12,57.74,47.79,59.34,67.08
2026-08-08 17:15:43,84.27,78.00,77.82,77.81,76.17,57.77,47.80,59.37,67.10
2026-08-08 17:15:44,84.32,78.05,77.87,77.86,76.21,57.82,47.79,59.39,67.13
2026-08-08 17:15:45,84.37,78.10,77.92,77.91,76.26,57.80,47.81,59.39,67.15
2026-08-08 17:15:46,84.42,78.15,77.97,77.96,76.31,57.77,47.80,59.42,67.13
2026-08-08 17:15:47,84.47,78.20,78.02,78.01,76.33,57.74,47.87,59.45,67.18
2026-08-08 17:15:48,84.51,78.25,78.07,78.07,76.39,57.69,47.85,59.48,67.22
2026-08-08 17:15:49,84.56,78.30,78.12,78.10,76.41,57.67,47.85,59.45,67.27
2026-08-08 17:15:50,84.61,78.36,78.17,78.15,76.47,57.62,47.83,59.46,67.25
2026-08-08 17:15:51,84.66,78.40,78.23,78.20,76.51,57.56,47.83,59.47,67.28
2026-08-08 17:15:52,84.71,78.46,78.28,78.24,76.56,57.53,47.86,59.49,67.30
2026-08-08 17:15:53,84.77,78.50,78.31,78.29,76.60,57.46,47.87,59.49,67.35
2026-08-08 17:15:54,84.81,78.56,78.37,78.35,76.64,57.45,47.89,59.51,67.37
2026-08-08 17:15:55,84.87,78.61,78.42,78.39,76.69,57.42,47.88,59.51,67.41
2026-08-08 17:15:56,84.92,78.66,78.47,78.43,76.75,57.37,47.89,59.51,67.45
2026-08-08 17:15:57,84.98,78.72,78.52,78.49,76.81,57.41,47.92,59.53,67.45
2026-08-08 17:15:58,85.03,78.77,78.57,78.52,76.85,57.44,47.95,59.56,67.49
2026-08-08 17:15:59,85.08,78.82,78.61,78.58,76.91,57.43,47.95,59.57,67.54
2026-08-08 17:16:00,85.13,78.87,78.68,78.63,76.97,57.42,47.97,59.58,67.57
2026-08-08 17:16:01,85.18,78.92,78.73,78.68,77.01,57.43,48.04,59.59,67.59
2026-08-08 17:16:02,85.23,78.97,78.78,78.72,77.06,57.41,48.09,59.58,67.62
2026-08-08 17:16:03,85.28,79.02,78.82,78.77,77.11,57.39,48.11,59.62,67.63
2026-08-08 17:16:04,85.37,79.11,78.92,78.85,77.20,57.42,48.18,59.67,67.72
2026-08-08 17:16:06,85.43,79.17,78.97,78.91,77.25,57.44,48.14,59.69,67.77
2026-08-08 17:16:07,85.52,79.25,79.06,79.01,77.33,57.44,48.22,59.76,67.83
2026-08-08 17:16:08,85.56,79.31,79.10,79.05,77.38,57.44,48.25,59.78,67.87
2026-08-08 17:16:10,85.61,79.36,79.15,79.09,77.44,57.53,48.27,59.83,67.96
2026-08-08 17:16:11,85.66,79.42,79.21,79.16,77.49,57.56,48.25,59.87,67.97
2026-08-08 17:16:12,85.71,79.46,79.25,79.21,77.53,57.60,48.27,59.89,68.04
2026-08-08 17:16:13,85.75,79.51,79.29,79.25,77.57,57.67,48.25,59.97,68.07
2026-08-08 17:16:14,85.80,79.56,79.34,79.30,77.62,57.72,48.29,60.02,68.07
2026-08-08 17:16:15,85.85,79.61,79.38,79.35,77.66,57.78,48.23,60.08,68.08
2026-08-08 17:16:16,85.90,79.66,79.45,79.41,77.70,57.85,48.22,60.13,68.07
2026-08-08 17:16:17,85.94,79.70,79.48,79.44,77.74,57.94,48.19,60.19,68.05
2026-08-08 17:16:18,86.00,79.75,79.53,79.50,77.80,58.00,48.16,60.27,68.01
2026-08-08 17:16:19,86.05,79.80,79.58,79.55,77.82,58.07,48.14,60.36,67.98
2026-08-08 17:16:20,86.09,79.85,79.61,79.60,77.87,58.13,48.11,60.43,67.95
2026-08-08 17:16:21,86.16,79.91,79.67,79.65,77.94,58.21,48.07,60.51,67.95
2026-08-08 17:16:22,86.20,79.96,79.72,79.72,77.97,58.26,48.03,60.56,67.94
2026-08-08 17:16:23,86.24,80.00,79.75,79.75,78.01,58.33,47.96,60.64,67.94
2026-08-08 17:16:24,86.29,80.05,79.81,79.80,78.06,58.37,47.94,60.71,67.95
2026-08-08 17:16:25,86.34,80.10,79.85,79.84,78.10,58.42,47.91,60.80,67.94
2026-08-08 17:16:26,86.40,80.16,79.90,79.91,78.16,58.45,47.92,60.89,67.97
2026-08-08 17:16:27,86.45,80.21,79.95,79.95,78.21,58.46,47.91,60.94,68.01
2026-08-08 17:16:28,86.49,80.25,79.99,80.00,78.25,58.52,47.91,61.05,68.04
2026-08-08 17:16:29,86.55,80.31,80.03,80.05,78.30,58.58,47.92,61.13,68.08
2026-08-08 17:16:30,86.59,80.36,80.09,80.10,78.34,58.63,47.94,61.23,68.18
2026-08-08 17:16:31,86.66,80.41,80.14,80.15,78.40,58.61,48.00,61.30,68.23
2026-08-08 17:16:32,86.68,80.46,80.17,80.19,78.45,58.61,48.04,61.39,68.28
2026-08-08 17:16:33,86.74,80.51,80.22,80.25,78.50,58.64,48.11,61.47,68.32
2026-08-08 17:16:34,86.79,80.56,80.27,80.29,78.55,58.67,48.15,61.52,68.41
2026-08-08 17:16:35,86.83,80.61,80.31,80.35,78.59,58.71,48.20,61.60,68.47
2026-08-08 17:16:36,86.88,80.65,80.37,80.40,78.63,58.77,48.25,61.67,68.53
2026-08-08 17:16:37,86.92,80.70,80.41,80.44,78.69,58.82,48.29,61.70,68.59
2026-08-08 17:16:38,86.97,80.73,80.47,80.50,78.73,58.88,48.32,61.71,68.62
2026-08-08 17:16:39,87.02,80.79,80.52,80.56,78.77,58.97,48.38,61.80,68.71
2026-08-08 17:16:40,87.07,80.85,80.57,80.60,78.82,59.05,48.41,61.85,68.74
2026-08-08 17:16:41,87.11,80.89,80.61,80.66,78.88,59.14,48.43,61.89,68.81
2026-08-08 17:16:42,87.16,80.94,80.67,80.71,78.92,59.25,48.45,61.93,68.85
2026-08-08 17:16:43,87.21,80.99,80.71,80.75,78.98,59.32,48.49,61.96,68.91
2026-08-08 17:16:44,87.26,81.04,80.78,80.81,79.03,59.37,48.50,62.01,68.96
2026-08-08 17:16:45,87.31,81.08,80.81,80.86,79.06,59.48,48.50,62.07,68.98
2026-08-08 17:16:46,87.36,81.13,80.86,80.90,79.12,59.57,48.56,62.12,69.05
2026-08-08 17:16:47,87.41,81.18,80.91,80.97,79.16,59.64,48.58,62.14,69.09
2026-08-08 17:16:48,87.47,81.23,80.96,81.02,79.20,59.74,48.56,62.20,69.13
2026-08-08 17:16:49,87.51,81.29,81.01,81.06,79.25,59.83,48.57,62.25,69.13
2026-08-08 17:16:50,87.57,81.33,81.06,81.11,79.29,59.91,48.59,62.31,69.13
2026-08-08 17:16:51,87.62,81.38,81.11,81.16,79.34,59.98,48.56,62.38,69.18
2026-08-08 17:16:52,87.66,81.43,81.15,81.20,79.38,60.02,48.59,62.44,69.21
2026-08-08 17:16:53,87.71,81.48,81.20,81.25,79.42,60.08,48.55,62.50,69.22
2026-08-08 17:16:54,87.76,81.53,81.24,81.30,79.47,60.14,48.54,62.59,69.22
2026-08-08 17:16:55,87.81,81.57,81.29,81.36,79.51,60.21,48.51,62.63,69.21
2026-08-08 17:16:56,87.86,81.63,81.34,81.40,79.55,60.27,48.51,62.68,69.20
2026-08-08 17:16:57,87.91,81.67,81.40,81.46,79.61,60.32,48.52,62.73,69.24
2026-08-08 17:16:58,87.95,81.73,81.45,81.50,79.64,60.38,48.51,62.80,69.27
2026-08-08 17:16:59,88.00,81.78,81.50,81.56,79.70,60.44,48.50,62.84,69.27
2026-08-08 17:17:00,88.05,81.83,81.55,81.61,79.74,60.50,48.49,62.90,69.30
2026-08-08 17:17:01,88.10,81.87,81.59,81.66,79.81,60.55,48.50,62.97,69.34
2026-08-08 17:17:02,88.14,81.92,81.64,81.71,79.85,60.59,48.50,63.05,69.37
2026-08-08 17:17:03,88.20,81.98,81.68,81.74,79.90,60.59,48.52,63.06,69.41
2026-08-08 17:17:04,88.25,82.03,81.73,81.80,79.95,60.59,48.52,63.17,69.49
2026-08-08 17:17:05,88.30,82.08,81.77,81.84,80.00,60.62,48.64,63.19,69.56
2026-08-08 17:17:06,88.35,82.13,81.82,81.90,80.05,60.61,48.69,63.27,69.61
2026-08-08 17:17:07,88.40,82.18,81.89,81.94,80.11,60.60,48.78,63.33,69.70
2026-08-08 17:17:08,88.45,82.24,81.91,81.98,80.15,60.61,48.82,63.36,69.79
2026-08-08 17:17:09,88.50,82.29,81.96,82.03,80.21,60.64,48.87,63.43,69.86
2026-08-08 17:17:10,88.55,82.33,82.02,82.09,80.26,60.67,48.90,63.44,69.91
2026-08-08 17:17:11,88.60,82.38,82.07,82.13,80.31,60.74,48.95,63.51,70.03
2026-08-08 17:17:12,88.66,82.44,82.11,82.19,80.35,60.80,48.99,63.55,70.05
2026-08-08 17:17:13,88.70,82.48,82.14,82.23,80.40,60.87,49.02,63.59,70.11
2026-08-08 17:17:14,88.75,82.54,82.20,82.27,80.46,60.90,49.06,63.67,70.16
2026-08-08 17:17:15,88.79,82.59,82.25,82.33,80.50,60.90,49.11,63.73,70.19
2026-08-08 17:17:16,88.84,82.64,82.29,82.37,80.54,60.90,49.09,63.80,70.24
2026-08-08 17:17:17,88.89,82.69,82.33,82.41,80.60,60.91,49.13,63.89,70.30
2026-08-08 17:17:18,88.94,82.73,82.40,82.46,80.65,60.88,49.17,63.93,70.40
2026-08-08 17:17:19,88.98,82.78,82.43,82.51,80.70,60.81,49.22,64.00,70.44
2026-08-08 17:17:20,89.03,82.83,82.48,82.54,80.73,60.83,49.26,64.07,70.50
2026-08-08 17:17:21,89.08,82.89,82.53,82.60,80.79,60.85,49.28,64.13,70.59
2026-08-08 17:17:22,89.12,82.94,82.60,82.64,80.82,60.88,49.34,64.19,70.65
2026-08-08 17:17:23,89.17,82.98,82.63,82.70,80.88,60.88,49.36,64.28,70.74
2026-08-08 17:17:24,89.21,83.03,82.67,82.74,80.92,60.91,49.43,64.30,70.82
2026-08-08 17:17:25,89.30,83.10,82.76,82.83,81.01,61.01,49.56,64.35,70.92
2026-08-08 17:17:27,89.40,83.19,82.86,82.93,81.09,61.12,49.75,64.36,71.09
2026-08-08 17:17:29,89.45,83.26,82.90,82.99,81.17,61.20,49.87,64.35,71.13
2026-08-08 17:17:30,89.49,83.29,82.96,83.04,81.19,61.27,49.93,64.30,71.18
2026-08-08 17:17:31,89.55,83.35,83.02,83.09,81.26,61.34,50.09,64.35,71.26
2026-08-08 17:17:32,89.60,83.40,83.07,83.13,81.31,61.40,50.13,64.37,71.32
2026-08-08 17:17:33,89.64,83.44,83.10,83.18,81.35,61.45,50.23,64.39,71.36
2026-08-08 17:17:34,89.68,83.49,83.16,83.22,81.40,61.58,50.32,64.41,71.45
2026-08-08 17:17:35,89.73,83.54,83.20,83.27,81.45,61.59,50.33,64.46,71.47
2026-08-08 17:17:36,89.78,83.58,83.25,83.32,81.51,61.70,50.41,64.48,71.53
2026-08-08 17:17:37,89.84,83.64,83.30,83.38,81.57,61.78,50.47,64.53,71.57
2026-08-08 17:17:38,89.89,83.69,83.35,83.43,81.61,61.83,50.54,64.54,71.63
2026-08-08 17:17:39,89.94,83.74,83.41,83.47,81.67,61.88,50.58,64.57,71.69
2026-08-08 17:17:40,89.98,83.78,83.45,83.50,81.72,61.93,50.65,64.61,71.73
2026-08-08 17:17:41,90.03,83.83,83.49,83.55,81.76,61.97,50.68,64.64,71.79
2026-08-08 17:17:42,90.09,83.89,83.54,83.61,81.82,61.95,50.77,64.64,71.82
2026-08-08 17:17:43,90.13,83.93,83.60,83.64,81.86,61.94,50.83,64.70,71.89
2026-08-08 17:17:44,90.18,83.99,83.64,83.69,81.91,61.90,50.97,64.73,71.99
2026-08-08 17:17:45,90.23,84.03,83.69,83.73,81.97,61.87,51.05,64.78,72.04
2026-08-08 17:17:46,90.28,84.08,83.73,83.78,82.03,61.83,51.14,64.84,72.10
2026-08-08 17:17:47,90.34,84.13,83.78,83.83,82.07,61.81,51.21,64.88,72.19
2026-08-08 17:17:48,90.37,84.17,83.82,83.87,82.10,61.76,51.26,64.93,72.22
2026-08-08 17:17:49,90.42,84.22,83.87,83.92,82.14,61.73,51.28,64.99,72.30
2026-08-08 17:17:50,90.46,84.27,83.91,83.96,82.19,61.74,51.35,65.02,72.30
2026-08-08 17:17:51,90.50,84.31,83.96,84.02,82.23,61.70,51.37,65.11,72.37
2026-08-08 17:17:52,90.55,84.37,84.02,84.06,82.27,61.72,51.45,65.14,72.40
2026-08-08 17:17:53,90.59,84.40,84.06,84.10,82.30,61.72,51.49,65.18,72.40
2026-08-08 17:17:54,90.63,84.45,84.11,84.15,82.35,61.74,51.54,65.18,72.44
2026-08-08 17:17:55,90.68,84.49,84.15,84.21,82.38,61.71,51.50,65.21,72.46
2026-08-08 17:17:56,90.75,84.55,84.21,84.25,82.43,61.65,51.57,65.21,72.47
2026-08-08 17:17:57,90.77,84.58,84.26,84.29,82.46,61.63,51.60,65.22,72.48
2026-08-08 17:17:58,90.82,84.63,84.29,84.33,82.50,61.54,51.61,65.22,72.50
2026-08-08 17:17:59,90.87,84.67,84.36,84.38,82.54,61.52,51.60,65.22,72.51
2026-08-08 17:18:00,90.92,84.73,84.40,84.42,82.57,61.49,51.57,65.22,72.52
2026-08-08 17:18:01,90.97,84.78,84.45,84.46,82.62,61.47,51.55,65.21,72.54
2026-08-08 17:18:02,91.01,84.82,84.51,84.52,82.66,61.49,51.52,65.22,72.54
2026-08-08 17:18:03,91.07,84.87,84.55,84.57,82.70,61.51,51.50,65.22,72.59
2026-08-08 17:18:04,91.11,84.92,84.60,84.60,82.77,61.54,51.46,65.21,72.62
2026-08-08 17:18:05,91.16,84.97,84.64,84.67,82.81,61.58,51.47,65.22,72.65
2026-08-08 17:18:06,91.21,85.02,84.70,84.70,82.85,61.69,51.43,65.25,72.64
2026-08-08 17:18:07,91.26,85.06,84.74,84.75,82.90,61.77,51.39,65.24,72.68
2026-08-08 17:18:08,91.32,85.10,84.79,84.81,82.96,61.84,51.39,65.23,72.68
2026-08-08 17:18:09,91.37,85.15,84.83,84.85,83.01,61.92,51.41,65.29,72.72
2026-08-08 17:18:10,91.42,85.21,84.88,84.90,83.06,61.96,51.41,65.27,72.74
2026-08-08 17:18:11,91.47,85.25,84.93,84.93,83.13,61.99,51.41,65.27,72.78
2026-08-08 17:18:12,91.52,85.30,84.98,85.00,83.15,62.03,51.43,65.25,72.82
2026-08-08 17:18:13,91.56,85.35,85.03,85.04,83.22,62.08,51.42,65.23,72.83
2026-08-08 17:18:14,91.61,85.39,85.07,85.08,83.28,62.15,51.47,65.23,72.87
2026-08-08 17:18:15,91.66,85.44,85.12,85.14,83.34,62.21,51.44,65.20,72.89
2026-08-08 17:18:16,91.71,85.48,85.18,85.18,83.38,62.30,51.44,65.19,72.90
2026-08-08 17:18:17,91.75,85.53,85.23,85.23,83.42,62.39,51.47,65.17,72.89
2026-08-08 17:18:18,91.79,85.57,85.28,85.28,83.47,62.50,51.44,65.16,72.96
2026-08-08 17:18:19,91.84,85.62,85.33,85.32,83.50,62.55,51.50,65.19,72.96
2026-08-08 17:18:20,91.88,85.66,85.35,85.38,83.54,62.66,51.52,65.16,72.99
2026-08-08 17:18:21,91.92,85.71,85.42,85.43,83.59,62.72,51.53,65.18,73.00
2026-08-08 17:18:22,91.96,85.75,85.47,85.47,83.63,62.78,51.55,65.19,73.00
2026-08-08 17:18:23,92.01,85.79,85.51,85.52,83.68,62.82,51.52,65.21,73.04
2026-08-08 17:18:24,92.04,85.84,85.55,85.57,83.72,62.85,51.52,65.20,73.03
2026-08-08 17:18:25,92.09,85.89,85.59,85.62,83.77,62.89,51.52,65.23,73.06
2026-08-08 17:18:26,92.13,85.94,85.63,85.66,83.80,62.96,51.46,65.26,73.10
2026-08-08 17:18:27,92.18,85.98,85.69,85.71,83.84,62.99,51.47,65.28,73.07
2026-08-08 17:18:28,92.22,86.03,85.74,85.75,83.90,63.02,51.44,65.34,73.14
2026-08-08 17:18:29,92.27,86.06,85.78,85.80,83.94,63.09,51.40,65.37,73.15
2026-08-08 17:18:30,92.32,86.11,85.81,85.85,83.97,63.15,51.38,65.42,73.19
2026-08-08 17:18:31,92.37,86.16,85.87,85.89,84.02,63.21,51.35,65.50,73.23
2026-08-08 17:18:32,92.42,86.21,85.91,85.95,84.06,63.28,51.36,65.55,73.29
2026-08-08 17:18:33,92.47,86.25,85.96,85.99,84.12,63.33,51.32,65.63,73.33
2026-08-08 17:18:34,92.52,86.29,86.00,86.04,84.16,63.38,51.31,65.68,73.36
2026-08-08 17:18:35,92.56,86.36,86.05,86.08,84.22,63.46,51.36,65.78,73.42
2026-08-08 17:18:36,92.61,86.40,86.09,86.12,84.25,63.54,51.33,65.83,73.47
2026-08-08 17:18:37,92.66,86.45,86.13,86.16,84.31,63.58,51.33,65.90,73.48
2026-08-08 17:18:38,92.70,86.50,86.19,86.20,84.36,63.62,51.36,65.96,73.55
2026-08-08 17:18:39,92.75,86.54,86.24,86.25,84.40,63.65,51.39,66.00,73.60
2026-08-08 17:18:40,92.80,86.59,86.27,86.30,84.44,63.67,51.42,66.04,73.64
2026-08-08 17:18:41,92.85,86.64,86.33,86.34,84.49,63.72,51.49,66.13,73.72
2026-08-08 17:18:42,92.89,86.68,86.37,86.39,84.53,63.74,51.52,66.17,73.75
2026-08-08 17:18:43,92.94,86.73,86.42,86.44,84.59,63.81,51.58,66.22,73.79
2026-08-08 17:18:44,93.03,86.80,86.52,86.53,84.66,63.94,51.62,66.29,73.88
2026-08-08 17:18:45,93.07,86.85,86.55,86.58,84.71,64.05,51.63,66.30,73.91
2026-08-08 17:18:47,93.17,86.94,86.64,86.67,84.78,64.11,51.68,66.35,73.94
2026-08-08 17:18:49,93.22,86.99,86.69,86.72,84.84,64.10,51.68,66.36,73.96
2026-08-08 17:18:50,93.26,87.03,86.74,86.74,84.87,64.10,51.68,66.39,73.99
2026-08-08 17:18:51,93.30,87.08,86.79,86.80,84.94,64.10,51.68,66.42,74.01
2026-08-08 17:18:52,93.36,87.14,86.84,86.85,84.98,64.13,51.66,66.43,74.07
2026-08-08 17:18:53,93.39,87.17,86.87,86.89,85.02,64.22,51.65,66.46,74.10
2026-08-08 17:18:54,93.44,87.21,86.92,86.94,85.05,64.27,51.66,66.47,74.11
2026-08-08 17:18:55,93.48,87.26,86.97,86.99,85.11,64.32,51.64,66.50,74.16
2026-08-08 17:18:56,93.54,87.30,87.02,87.03,85.16,64.39,51.62,66.53,74.18
2026-08-08 17:18:57,93.58,87.35,87.06,87.09,85.20,64.45,51.60,66.56,74.25
2026-08-08 17:18:58,93.62,87.39,87.10,87.13,85.25,64.48,51.62,66.59,74.26
2026-08-08 17:18:59,93.68,87.45,87.16,87.18,85.31,64.57,51.64,66.60,74.34
2026-08-08 17:19:00,93.72,87.49,87.19,87.22,85.34,64.64,51.63,66.62,74.34
2026-08-08 17:19:01,93.77,87.53,87.25,87.26,85.39,64.70,51.66,66.61,74.35
2026-08-08 17:19:02,93.82,87.58,87.29,87.32,85.44,64.76,51.67,66.59,74.38
2026-08-08 17:19:03,93.88,87.63,87.34,87.37,85.48,64.80,51.70,66.58,74.41
2026-08-08 17:19:04,93.92,87.66,87.37,87.40,85.52,64.82,51.71,66.56,74.40
2026-08-08 17:19:05,93.97,87.71,87.43,87.44,85.57,64.87,51.76,66.53,74.42
2026-08-08 17:19:06,94.02,87.76,87.46,87.48,85.61,64.88,51.76,66.53,74.43
2026-08-08 17:19:07,94.07,87.81,87.51,87.53,85.67,64.93,51.82,66.53,74.46
2026-08-08 17:19:08,94.13,87.87,87.57,87.58,85.70,64.97,51.84,66.52,74.47
2026-08-08 17:19:09,94.16,87.91,87.60,87.62,85.74,65.03,51.87,66.52,74.50
2026-08-08 17:19:10,94.21,87.96,87.65,87.68,85.79,65.07,51.92,66.54,74.51
2026-08-08 17:19:11,94.25,88.00,87.71,87.72,85.84,65.12,51.97,66.57,74.51
2026-08-08 17:19:12,94.31,88.04,87.75,87.77,85.88,65.20,52.05,66.57,74.55
2026-08-08 17:19:13,94.35,88.09,87.78,87.81,85.93,65.28,52.06,66.63,74.61
2026-08-08 17:19:14,94.40,88.13,87.84,87.85,85.97,65.34,52.09,66.66,74.66
2026-08-08 17:19:15,94.45,88.18,87.88,87.89,86.00,65.40,52.14,66.69,74.71
2026-08-08 17:19:16,94.49,88.23,87.92,87.95,86.05,65.44,52.10,66.73,74.80
2026-08-08 17:19:17,94.54,88.27,87.96,87.98,86.09,65.52,52.15,66.77,74.83
2026-08-08 17:19:18,94.58,88.31,88.01,88.03,86.13,65.58,52.20,66.84,74.91
2026-08-08 17:19:19,94.62,88.35,88.06,88.08,86.18,65.62,52.26,66.89,74.97
2026-08-08 17:19:20,94.67,88.40,88.10,88.12,86.22,65.67,52.30,66.96,75.00
2026-08-08 17:19:21,94.71,88.45,88.14,88.16,86.26,65.74,52.37,67.03,75.08
2026-08-08 17:19:22,94.75,88.49,88.18,88.21,86.30,65.76,52.38,67.09,75.11
2026-08-08 17:19:23,94.79,88.54,88.22,88.26,86.33,65.76,52.40,67.16,75.14
2026-08-08 17:19:24,94.84,88.58,88.24,88.31,86.36,65.78,52.48,67.27,75.20
2026-08-08 17:19:25,94.88,88.63,88.31,88.34,86.41,65.78,52.48,67.29,75.21
2026-08-08 17:19:26,94.93,88.68,88.35,88.38,86.44,65.80,52.51,67.38,75.23
2026-08-08 17:19:27,94.97,88.72,88.40,88.42,86.49,65.84,52.56,67.46,75.29
2026-08-08 17:19:28,95.01,88.77,88.44,88.48,86.54,65.86,52.58,67.51,75.33
2026-08-08 17:19:29,95.07,88.81,88.48,88.53,86.57,65.86,52.60,67.57,75.33
2026-08-08 17:19:30,95.11,88.85,88.52,88.56,86.60,65.86,52.58,67.63,75.37
2026-08-08 17:19:31,95.16,88.90,88.55,88.62,86.65,65.86,52.57,67.64,75.34
2026-08-08 17:19:32,95.20,88.94,88.61,88.65,86.68,65.85,52.61,67.65,75.41
2026-08-08 17:19:33,95.24,88.98,88.65,88.70,86.72,65.85,52.58,67.68,75.43
2026-08-08 17:19:34,95.28,89.02,88.70,88.75,86.76,65.87,52.58,67.72,75.44
2026-08-08 17:19:35,95.33,89.06,88.75,88.78,86.80,65.88,52.56,67.76,75.48
2026-08-08 17:19:36,95.37,89.11,88.79,88.82,86.86,65.95,52.53,67.82,75.51
2026-08-08 17:19:37,95.42,89.16,88.83,88.87,86.89,65.97,52.54,67.87,75.54
2026-08-08 17:19:38,95.46,89.20,88.89,88.90,86.95,65.95,52.52,67.92,75.57
2026-08-08 17:19:39,95.51,89.23,88.92,88.96,86.98,65.96,52.51,67.96,75.56
2026-08-08 17:19:40,95.56,89.28,88.96,89.00,87.01,65.95,52.49,68.00,75.57
2026-08-08 17:19:41,95.60,89.33,89.01,89.06,87.06,65.95,52.45,68.05,75.63
2026-08-08 17:19:42,95.65,89.37,89.05,89.09,87.12,65.98,52.41,68.10,75.65
2026-08-08 17:19:43,95.69,89.42,89.09,89.14,87.18,66.06,52.43,68.14,75.69
2026-08-08 17:19:44,95.74,89.46,89.14,89.19,87.20,66.08,52.43,68.21,75.71
2026-08-08 17:19:45,95.78,89.50,89.19,89.22,87.27,66.12,52.47,68.26,75.74
2026-08-08 17:19:46,95.84,89.54,89.24,89.27,87.32,66.14,52.48,68.30,75.78
2026-08-08 17:19:47,95.88,89.60,89.28,89.31,87.37,66.18,52.53,68.32,75.89
2026-08-08 17:19:48,95.92,89.64,89.32,89.36,87.41,66.22,52.58,68.37,75.97
2026-08-08 17:19:49,95.97,89.68,89.37,89.41,87.46,66.25,52.66,68.38,76.05
2026-08-08 17:19:50,96.01,89.73,89.40,89.46,87.51,66.30,52.77,68.41,76.16
2026-08-08 17:19:51,96.05,89.77,89.45,89.49,87.56,66.28,52.86,68.41,76.24
2026-08-08 17:19:52,96.09,89.81,89.49,89.55,87.61,66.31,52.94,68.40,76.32
2026-08-08 17:19:53,96.13,89.86,89.53,89.60,87.64,66.33,53.04,68.42,76.43
2026-08-08 17:19:54,96.17,89.90,89.59,89.64,87.68,66.34,53.09,68.43,76.50
2026-08-08 17:19:55,96.22,89.95,89.63,89.69,87.71,66.37,53.20,68.43,76.53
2026-08-08 17:19:56,96.25,89.99,89.67,89.73,87.77,66.40,53.27,68.44,76.63
2026-08-08 17:19:57,96.29,90.03,89.71,89.78,87.81,66.42,53.31,68.47,76.67
2026-08-08 17:19:58,96.34,90.08,89.76,89.83,87.86,66.49,53.35,68.49,76.72
2026-08-08 17:19:59,96.38,90.13,89.79,89.86,87.91,66.56,53.40,68.50,76.77
2026-08-08 17:20:00,96.42,90.18,89.85,89.91,87.95,66.60,53.41,68.50,76.81
2026-08-08 17:20:01,96.47,90.22,89.89,89.96,88.02,66.65,53.45,68.47,76.86
2026-08-08 17:20:02,96.52,90.26,89.95,90.00,88.07,66.70,53.46,68.44,76.93
2026-08-08 17:20:03,96.57,90.30,89.99,90.04,88.12,66.74,53.48,68.41,76.98
2026-08-08 17:20:04,96.61,90.35,90.03,90.09,88.17,66.81,53.51,68.37,77.01
2026-08-08 17:20:05,96.66,90.39,90.09,90.13,88.23,66.88,53.55,68.36,77.02
2026-08-08 17:20:06,96.71,90.43,90.11,90.18,88.27,66.94,53.59,68.37,77.07
2026-08-08 17:20:07,96.75,90.48,90.17,90.22,88.32,66.99,53.59,68.36,77.13
2026-08-08 17:20:08,96.83,90.56,90.25,90.29,88.39,67.09,53.63,68.42,77.18
2026-08-08 17:20:10,96.87,90.60,90.29,90.33,88.43,67.15,53.65,68.45,77.22
2026-08-08 17:20:11,96.93,90.64,90.33,90.38,88.48,67.21,53.65,68.50,77.26
2026-08-08 17:20:12,96.98,90.71,90.39,90.44,88.53,67.26,53.66,68.51,77.32
2026-08-08 17:20:13,97.02,90.75,90.42,90.48,88.57,67.32,53.75,68.55,77.35
2026-08-08 17:20:14,97.06,90.79,90.47,90.51,88.59,67.39,53.78,68.55,77.40
2026-08-08 17:20:15,97.11,90.83,90.51,90.56,88.65,67.41,53.87,68.56,77.44
2026-08-08 17:20:16,97.16,90.88,90.56,90.61,88.69,67.46,53.99,68.57,77.46
2026-08-08 17:20:17,97.19,90.92,90.58,90.65,88.72,67.49,54.07,68.55,77.52
2026-08-08 17:20:18,97.24,90.96,90.63,90.69,88.78,67.52,54.18,68.54,77.54
2026-08-08 17:20:19,97.29,91.00,90.69,90.74,88.81,67.54,54.27,68.51,77.59
2026-08-08 17:20:20,97.33,91.05,90.73,90.78,88.86,67.60,54.34,68.50,77.63
2026-08-08 17:20:21,97.37,91.09,90.77,90.83,88.91,67.59,54.38,68.48,77.66
2026-08-08 17:20:22,97.42,91.14,90.81,90.88,88.94,67.63,54.44,68.45,77.71
2026-08-08 17:20:23,97.47,91.17,90.86,90.91,88.99,67.70,54.50,68.44,77.76
2026-08-08 17:20:24,97.51,91.22,90.89,90.96,89.03,67.71,54.56,68.43,77.81
2026-08-08 17:20:25,97.56,91.27,90.97,91.02,89.09,67.80,54.64,68.40,77.90
2026-08-08 17:20:26,97.59,91.31,90.99,91.05,89.10,67.84,54.68,68.37,77.94
2026-08-08 17:20:27,97.63,91.35,91.03,91.09,89.16,67.91,54.74,68.40,77.99
2026-08-08 17:20:28,97.67,91.39,91.06,91.12,89.18,67.99,54.80,68.37,78.04
2026-08-08 17:20:29,97.71,91.43,91.11,91.19,89.23,68.04,54.88,68.42,78.10
2026-08-08 17:20:30,97.77,91.49,91.18,91.23,89.28,68.13,54.89,68.47,78.13
2026-08-08 17:20:31,97.80,91.52,91.21,91.26,89.30,68.21,54.96,68.56,78.17
2026-08-08 17:20:32,97.84,91.57,91.24,91.32,89.34,68.26,55.02,68.64,78.19
2026-08-08 17:20:33,97.90,91.62,91.31,91.36,89.39,68.35,55.10,68.71,78.22
2026-08-08 17:20:34,97.92,91.65,91.34,91.39,89.43,68.40,55.12,68.83,78.25
2026-08-08 17:20:35,97.97,91.70,91.39,91.43,89.47,68.46,55.17,68.91,78.28
2026-08-08 17:20:36,98.01,91.75,91.44,91.47,89.53,68.50,55.22,69.03,78.30
2026-08-08 17:20:37,98.06,91.79,91.47,91.52,89.57,68.53,55.27,69.11,78.33
2026-08-08 17:20:38,98.10,91.83,91.50,91.55,89.61,68.51,55.33,69.18,78.38
2026-08-08 17:20:39,98.14,91.87,91.55,91.59,89.66,68.51,55.43,69.27,78.45
2026-08-08 17:20:40,98.18,91.92,91.60,91.63,89.72,68.48,55.51,69.34,78.53
2026-08-08 17:20:41,98.22,91.96,91.63,91.68,89.75,68.44,55.57,69.42,78.58
2026-08-08 17:20:42,98.27,92.00,91.66,91.72,89.80,68.44,55.69,69.50,78.68
2026-08-08 17:20:43,98.32,92.05,91.73,91.76,89.84,68.41,55.75,69.53,78.71
2026-08-08 17:20:44,98.36,92.08,91.76,91.79,89.88,68.39,55.80,69.60,78.81
2026-08-08 17:20:45,98.40,92.14,91.80,91.84,89.93,68.40,55.81,69.62,78.92
2026-08-08 17:20:46,98.45,92.18,91.84,91.87,89.98,68.44,55.84,69.64,79.00
2026-08-08 17:20:47,98.49,92.22,91.89,91.93,90.03,68.45,55.84,69.65,79.07
2026-08-08 17:20:48,98.54,92.26,91.93,91.97,90.08,68.52,55.85,69.67,79.16
2026-08-08 17:20:49,98.58,92.31,91.97,92.01,90.11,68.60,55.89,69.67,79.19
2026-08-08 17:20:50,98.63,92.35,92.01,92.05,90.14,68.65,55.94,69.68,79.25
2026-08-08 17:20:51,98.67,92.40,92.06,92.09,90.21,68.66,56.05,69.70,79.33
2026-08-08 17:20:52,98.72,92.44,92.11,92.13,90.24,68.69,56.08,69.72,79.38
2026-08-08 17:20:53,98.76,92.48,92.14,92.19,90.31,68.69,56.19,69.78,79.45
2026-08-08 17:20:54,98.81,92.53,92.18,92.21,90.34,68.67,56.29,69.83,79.48
2026-08-08 17:20:55,98.85,92.57,92.21,92.26,90.38,68.62,56.40,69.89,79.54
2026-08-08 17:20:56,98.89,92.62,92.26,92.29,90.43,68.58,56.52,69.96,79.60
2026-08-08 17:20:57,98.94,92.67,92.31,92.33,90.45,68.52,56.64,70.04,79.64
2026-08-08 17:20:58,98.98,92.71,92.35,92.36,90.50,68.43,56.75,70.09,79.66
2026-08-08 17:20:59,99.02,92.76,92.40,92.39,90.54,68.35,56.83,70.15,79.75
2026-08-08 17:21:00,99.07,92.80,92.43,92.45,90.58,68.24,56.90,70.22,79.78
2026-08-08 17:21:01,99.11,92.85,92.47,92.49,90.63,68.18,56.97,70.22,79.81
2026-08-08 17:21:02,99.16,92.88,92.52,92.54,90.68,68.15,57.01,70.24,79.87
2026-08-08 17:21:03,99.20,92.93,92.55,92.57,90.72,68.16,57.03,70.29,79.92
2026-08-08 17:21:04,99.24,92.98,92.59,92.61,90.77,68.16,57.01,70.31,79.97
2026-08-08 17:21:05,99.29,93.02,92.62,92.66,90.80,68.18,57.04,70.39,79.99
2026-08-08 17:21:06,99.33,93.06,92.67,92.71,90.83,68.18,57.03,70.43,79.96
2026-08-08 17:21:07,99.37,93.10,92.72,92.75,90.86,68.17,57.05,70.47,79.95
2026-08-08 17:21:08,99.41,93.14,92.76,92.78,90.89,68.17,57.04,70.50,79.95
2026-08-08 17:21:09,99.45,93.18,92.80,92.82,90.92,68.14,57.04,70.51,79.92
2026-08-08 17:21:10,99.50,93.22,92.84,92.86,90.94,68.11,57.02,70.51,79.92
2026-08-08 17:21:11,99.54,93.26,92.88,92.91,90.98,68.09,57.01,70.51,79.92
2026-08-08 17:21:12,99.59,93.30,92.92,92.94,91.02,68.06,56.96,70.50,79.89
2026-08-08 17:21:13,99.62,93.34,92.97,93.00,91.07,68.08,56.94,70.48,79.91
2026-08-08 17:21:14,99.67,93.39,93.03,93.03,91.11,68.09,56.90,70.48,79.88
2026-08-08 17:21:15,99.70,93.44,93.06,93.08,91.17,68.08,56.90,70.49,79.90
2026-08-08 17:21:16,99.75,93.48,93.10,93.12,91.20,68.06,56.86,70.51,79.89
2026-08-08 17:21:17,99.79,93.52,93.13,93.17,91.25,68.08,56.83,70.57,79.90
2026-08-08 17:21:18,99.84,93.56,93.16,93.22,91.29,68.11,56.78,70.59,79.92
2026-08-08 17:21:19,99.88,93.60,93.23,93.26,91.32,68.20,56.75,70.63,79.91
2026-08-08 17:21:20,99.92,93.64,93.26,93.29,91.35,68.25,56.70,70.68,79.93
2026-08-08 17:21:21,100.00,93.70,93.31,93.38,91.45,68.35,56.62,70.76,79.92
2026-08-08 17:21:22,100.03,93.73,93.37,93.43,91.47,68.39,56.58,70.81,79.89
2026-08-08 17:21:24,100.11,93.81,93.43,93.51,91.55,68.48,56.49,70.86,79.85
2026-08-08 17:21:25,100.15,93.86,93.46,93.54,91.59,68.49,56.45,70.90,79.80
2026-08-08 17:21:27,100.19,93.90,93.52,93.59,91.62,68.55,56.42,70.90,79.78
2026-08-08 17:21:28,100.23,93.93,93.56,93.63,91.65,68.59,56.34,70.97,79.76
2026-08-08 17:21:29,100.26,93.98,93.59,93.68,91.69,68.63,56.29,71.02,79.76
2026-08-08 17:21:30,100.30,94.02,93.64,93.71,91.73,68.71,56.25,71.10,79.74
2026-08-08 17:21:31,100.34,94.06,93.68,93.76,91.77,68.76,56.16,71.18,79.69
2026-08-08 17:21:32,100.38,94.10,93.72,93.80,91.79,68.79,56.15,71.22,79.70
2026-08-08 17:21:33,100.41,94.14,93.75,93.85,91.84,68.83,56.09,71.27,79.69
2026-08-08 17:21:34,100.45,94.18,93.81,93.89,91.87,68.90,56.03,71.34,79.70
2026-08-08 17:21:35,100.49,94.22,93.84,93.93,91.90,68.95,56.00,71.37,79.70
2026-08-08 17:21:36,100.54,94.27,93.89,93.99,91.95,69.01,56.00,71.41,79.67
2026-08-08 17:21:37,100.58,94.31,93.93,94.02,91.98,69.05,55.96,71.49,79.69
2026-08-08 17:21:38,100.62,94.36,93.98,94.06,92.01,69.11,55.93,71.53,79.71
2026-08-08 17:21:39,100.66,94.39,94.01,94.09,92.06,69.14,55.92,71.54,79.71
2026-08-08 17:21:40,100.70,94.43,94.06,94.14,92.09,69.24,55.97,71.56,79.75
2026-08-08 17:21:41,100.74,94.48,94.11,94.18,92.15,69.27,55.96,71.53,79.71
2026-08-08 17:21:42,100.78,94.51,94.14,94.23,92.18,69.35,55.96,71.54,79.74
2026-08-08 17:21:43,100.83,94.55,94.19,94.26,92.22,69.40,55.96,71.50,79.75
2026-08-08 17:21:44,100.87,94.59,94.23,94.31,92.26,69.47,55.97,71.49,79.75
2026-08-08 17:21:45,100.92,94.63,94.26,94.34,92.31,69.53,55.98,71.50,79.75
2026-08-08 17:21:46,100.97,94.69,94.33,94.39,92.35,69.62,55.99,71.47,79.78
2026-08-08 17:21:47,101.00,94.71,94.36,94.42,92.38,69.68,55.99,71.46,79.82
2026-08-08 17:21:48,101.05,94.76,94.40,94.46,92.43,69.75,55.98,71.43,79.83
2026-08-08 17:21:49,101.09,94.80,94.44,94.50,92.47,69.78,55.98,71.45,79.89
2026-08-08 17:21:50,101.13,94.84,94.49,94.55,92.52,69.82,55.98,71.46,79.94
2026-08-08 17:21:51,101.19,94.88,94.53,94.59,92.57,69.84,55.96,71.47,79.98
2026-08-08 17:21:52,101.22,94.92,94.57,94.62,92.60,69.88,55.96,71.51,80.04
2026-08-08 17:21:53,101.26,94.96,94.60,94.66,92.62,69.89,55.96,71.54,80.11
2026-08-08 17:21:54,101.30,94.99,94.63,94.70,92.67,69.91,55.94,71.58,80.16
2026-08-08 17:21:55,101.34,95.04,94.68,94.74,92.71,69.93,55.94,71.61,80.21
2026-08-08 17:21:56,101.38,95.08,94.72,94.77,92.75,69.96,55.91,71.66,80.26
2026-08-08 17:21:57,101.42,95.12,94.76,94.81,92.78,70.05,55.87,71.71,80.34
2026-08-08 17:21:58,101.46,95.16,94.80,94.86,92.83,70.09,55.86,71.76,80.39
2026-08-08 17:21:59,101.51,95.20,94.83,94.89,92.88,70.11,55.85,71.82,80.43
2026-08-08 17:22:00,101.54,95.25,94.88,94.94,92.90,70.20,55.85,71.88,80.49
2026-08-08 17:22:01,101.58,95.29,94.92,94.98,92.96,70.21,55.88,71.93,80.52
2026-08-08 17:22:02,101.62,95.33,94.95,95.02,93.00,70.25,55.85,72.00,80.53
2026-08-08 17:22:03,101.66,95.36,94.98,95.05,93.04,70.25,55.90,72.10,80.59
2026-08-08 17:22:04,101.69,95.41,95.02,95.09,93.10,70.25,55.90,72.21,80.62
2026-08-08 17:22:05,101.75,95.44,95.07,95.14,93.15,70.23,55.92,72.29,80.62
2026-08-08 17:22:06,101.79,95.49,95.10,95.17,93.19,70.21,56.06,72.42,80.67
2026-08-08 17:22:07,101.83,95.53,95.15,95.21,93.24,70.13,56.17,72.48,80.74
2026-08-08 17:22:08,101.87,95.57,95.18,95.25,93.30,70.07,56.25,72.54,80.75
2026-08-08 17:22:09,101.91,95.62,95.23,95.29,93.34,69.95,56.36,72.60,80.84
2026-08-08 17:22:10,101.95,95.66,95.26,95.33,93.40,69.92,56.47,72.62,80.85
2026-08-08 17:22:11,101.99,95.70,95.29,95.37,93.44,69.92,56.59,72.65,80.92
2026-08-08 17:22:12,102.03,95.73,95.34,95.41,93.48,69.94,56.75,72.72,80.98
2026-08-08 17:22:13,102.07,95.78,95.38,95.44,93.52,69.95,56.82,72.77,81.00
2026-08-08 17:22:14,102.11,95.81,95.42,95.48,93.57,69.95,56.90,72.79,81.04
2026-08-08 17:22:15,102.15,95.85,95.47,95.54,93.61,70.00,56.99,72.82,81.10
2026-08-08 17:22:16,102.19,95.89,95.50,95.59,93.64,70.07,57.02,72.86,81.16
2026-08-08 17:22:17,102.23,95.93,95.55,95.61,93.68,70.13,57.03,72.91,81.22
2026-08-08 17:22:18,102.27,95.97,95.59,95.66,93.72,70.18,57.08,72.94,81.29
2026-08-08 17:22:19,102.31,96.01,95.63,95.69,93.76,70.17,57.05,72.99,81.35
2026-08-08 17:22:20,102.35,96.05,95.67,95.73,93.80,70.15,57.07,73.06,81.42
2026-08-08 17:22:21,102.39,96.09,95.72,95.78,93.85,70.10,57.09,73.11,81.47
2026-08-08 17:22:22,102.44,96.13,95.75,95.79,93.90,70.08,57.14,73.17,81.54
2026-08-08 17:22:23,102.47,96.17,95.79,95.84,93.94,69.96,57.24,73.21,81.60
2026-08-08 17:22:24,102.51,96.22,95.83,95.87,93.97,69.92,57.32,73.28,81.66
2026-08-08 17:22:25,102.55,96.25,95.87,95.91,94.02,69.86,57.39,73.36,81.71
2026-08-08 17:22:26,102.59,96.29,95.90,95.94,94.06,69.77,57.53,73.42,81.81
2026-08-08 17:22:27,102.64,96.33,95.95,95.98,94.10,69.69,57.63,73.47,81.91
2026-08-08 17:22:28,102.69,96.38,96.00,96.01,94.16,69.62,57.74,73.51,81.98
2026-08-08 17:22:29,102.72,96.43,96.03,96.05,94.20,69.51,57.86,73.58,82.03
2026-08-08 17:22:30,102.76,96.48,96.07,96.08,94.25,69.43,57.97,73.61,82.08
2026-08-08 17:22:31,102.81,96.52,96.10,96.12,94.29,69.38,58.08,73.67,82.11
2026-08-08 17:22:32,102.85,96.57,96.14,96.16,94.33,69.27,58.22,73.70,82.16
2026-08-08 17:22:33,102.90,96.60,96.17,96.20,94.37,69.23,58.35,73.75,82.20
2026-08-08 17:22:34,102.94,96.65,96.22,96.23,94.41,69.15,58.45,73.75,82.22
2026-08-08 17:22:35,102.98,96.68,96.26,96.28,94.44,69.15,58.57,73.76,82.29
2026-08-08 17:22:36,103.02,96.73,96.29,96.32,94.50,69.12,58.63,73.79,82.35
2026-08-08 17:22:37,103.09,96.78,96.36,96.39,94.55,69.18,58.75,73.80,82.47
2026-08-08 17:22:38,103.13,96.82,96.40,96.43,94.58,69.21,58.80,73.82,82.53
2026-08-08 17:22:39,103.17,96.85,96.44,96.47,94.62,69.28,58.87,73.85,82.59
2026-08-08 17:22:40,103.21,96.90,96.49,96.52,94.65,69.35,58.91,73.85,82.66
2026-08-08 17:22:42,103.28,96.98,96.56,96.60,94.75,69.47,58.96,73.85,82.77
2026-08-08 17:22:43,103.32,97.02,96.60,96.64,94.79,69.52,59.00,73.88,82.83
2026-08-08 17:22:44,103.36,97.05,96.64,96.69,94.81,69.60,59.01,73.89,82.86
2026-08-08 17:22:46,103.40,97.08,96.69,96.72,94.84,69.66,59.01,73.89,82.93
2026-08-08 17:22:47,103.44,97.13,96.73,96.76,94.87,69.73,59.01,73.90,82.98
2026-08-08 17:22:48,103.48,97.16,96.76,96.80,94.90,69.79,59.00,73.90,82.99
2026-08-08 17:22:49,103.52,97.21,96.81,96.86,94.96,69.90,59.01,73.89,83.03
2026-08-08 17:22:50,103.55,97.24,96.86,96.89,94.99,69.95,59.01,73.89,83.07
2026-08-08 17:22:51,103.59,97.28,96.88,96.92,95.03,70.08,59.03,73.89,83.08
2026-08-08 17:22:52,103.63,97.33,96.94,96.98,95.07,70.17,59.06,73.85,83.08
2026-08-08 17:22:53,103.67,97.35,96.97,97.00,95.10,70.23,59.06,73.82,83.08
2026-08-08 17:22:54,103.71,97.40,97.02,97.04,95.13,70.30,59.04,73.82,83.07
2026-08-08 17:22:55,103.74,97.43,97.05,97.08,95.17,70.34,59.07,73.77,83.07
2026-08-08 17:22:56,103.79,97.47,97.09,97.12,95.20,70.36,59.04,73.77,83.07
2026-08-08 17:22:57,103.82,97.51,97.13,97.16,95.22,70.41,59.03,73.74,83.06
2026-08-08 17:22:58,103.87,97.55,97.17,97.20,95.26,70.47,59.01,73.74,83.06
2026-08-08 17:22:59,103.91,97.60,97.21,97.26,95.30,70.52,58.99,73.76,83.06
2026-08-08 17:23:00,103.94,97.63,97.26,97.30,95.34,70.56,59.00,73.78,83.02
2026-08-08 17:23:01,103.98,97.67,97.30,97.32,95.37,70.65,58.99,73.80,83.02
2026-08-08 17:23:02,104.02,97.71,97.33,97.36,95.40,70.71,59.00,73.84,83.05
2026-08-08 17:23:03,104.06,97.75,97.36,97.40,95.44,70.77,58.99,73.84,83.08
2026-08-08 17:23:04,104.11,97.79,97.41,97.45,95.48,70.88,59.00,73.85,83.10
2026-08-08 17:23:05,104.14,97.83,97.45,97.48,95.51,70.95,59.00,73.89,83.13
2026-08-08 17:23:06,104.18,97.87,97.48,97.53,95.54,71.06,59.01,73.88,83.14
2026-08-08 17:23:07,104.22,97.91,97.50,97.56,95.59,71.12,59.01,73.92,83.18
2026-08-08 17:23:08,104.26,97.96,97.55,97.59,95.62,71.17,59.03,74.00,83.21
2026-08-08 17:23:09,104.30,97.99,97.59,97.63,95.65,71.18,59.06,74.04,83.24
2026-08-08 17:23:10,104.34,98.03,97.63,97.66,95.71,71.21,59.09,74.09,83.29
2026-08-08 17:23:11,104.38,98.07,97.68,97.70,95.72,71.18,59.11,74.13,83.32
2026-08-08 17:23:12,104.43,98.12,97.71,97.74,95.79,71.14,59.17,74.19,83.37
2026-08-08 17:23:13,104.46,98.16,97.75,97.78,95.83,71.11,59.22,74.21,83.41
2026-08-08 17:23:14,104.50,98.20,97.78,97.80,95.87,71.05,59.31,74.26,83.49
2026-08-08 17:23:15,104.54,98.23,97.82,97.85,95.94,70.99,59.42,74.31,83.55
2026-08-08 17:23:16,104.59,98.28,97.85,97.88,95.97,70.93,59.54,74.34,83.63
2026-08-08 17:23:17,104.63,98.31,97.89,97.90,96.03,70.90,59.61,74.36,83.68
2026-08-08 17:23:18,104.67,98.35,97.93,97.94,96.07,70.81,59.72,74.40,83.74
2026-08-08 17:23:19,104.70,98.39,97.96,97.97,96.11,70.76,59.84,74.40,83.79
2026-08-08 17:23:20,104.75,98.43,97.98,98.00,96.17,70.70,59.93,74.45,83.86
2026-08-08 17:23:21,104.80,98.47,98.03,98.04,96.21,70.59,60.09,74.50,83.93
2026-08-08 17:23:22,104.83,98.51,98.08,98.07,96.24,70.50,60.19,74.52,84.00
2026-08-08 17:23:23,104.88,98.55,98.10,98.11,96.29,70.45,60.29,74.54,84.04
2026-08-08 17:23:24,104.92,98.58,98.15,98.14,96.24,70.35,60.32,74.21,83.87
2026-08-08 17:23:25,104.96,98.62,98.16,98.16,96.22,70.26,60.36,74.27,83.89
2026-08-08 17:23:26,104.99,98.64,98.20,98.20,96.23,70.12,60.38,74.24,83.86
2026-08-08 17:23:27,105.03,98.67,98.21,98.23,96.27,69.93,60.29,74.18,83.74
2026-08-08 17:23:28,105.07,98.70,98.24,98.26,96.28,69.81,60.23,74.07,83.74
2026-08-08 17:23:29,105.10,98.72,98.27,98.30,96.30,69.69,60.13,73.99,83.67
2026-08-08 17:23:30,105.13,98.75,98.31,98.33,96.34,69.58,60.03,73.89,83.60
2026-08-08 17:23:31,105.16,98.77,98.33,98.37,96.35,69.46,59.94,73.79,83.53
2026-08-08 17:23:32,105.19,98.80,98.37,98.41,96.37,69.39,59.84,73.70,83.48
2026-08-08 17:23:33,105.22,98.84,98.41,98.44,96.40,69.30,59.76,73.63,83.43
2026-08-08 17:23:34,105.26,98.87,98.44,98.47,96.45,69.27,59.68,73.55,83.41
2026-08-08 17:23:35,105.28,98.90,98.48,98.52,96.48,69.25,59.57,73.48,83.35
2026-08-08 17:23:36,105.32,98.94,98.52,98.56,96.50,69.25,59.52,73.47,83.32
2026-08-08 17:23:37,105.35,98.97,98.57,98.59,96.54,69.24,59.46,73.45,83.32
2026-08-08 17:23:38,105.39,99.01,98.59,98.64,96.60,69.24,59.36,73.45,83.34
2026-08-08 17:23:39,105.43,99.05,98.64,98.66,96.63,69.23,59.30,73.48,83.34
2026-08-08 17:23:40,105.46,99.08,98.67,98.70,96.68,69.25,59.27,73.52,83.37
2026-08-08 17:23:41,105.50,99.12,98.71,98.74,96.70,69.28,59.21,73.58,83.43
2026-08-08 17:23:42,105.54,99.16,98.76,98.77,96.75,69.33,59.19,73.60,83.49
2026-08-08 17:23:43,105.58,99.19,98.80,98.81,96.80,69.37,59.18,73.63,83.52
2026-08-08 17:23:44,105.62,99.23,98.83,98.84,96.82,69.41,59.13,73.64,83.59
2026-08-08 17:23:45,105.66,99.27,98.88,98.89,96.88,69.46,59.11,73.66,83.67
2026-08-08 17:23:46,105.70,99.31,98.92,98.93,96.92,69.52,59.05,73.65,83.74
2026-08-08 17:23:47,105.75,99.35,98.96,98.95,96.95,69.57,59.00,73.65,83.79
2026-08-08 17:23:48,105.78,99.39,99.00,98.99,97.00,69.61,58.98,73.71,83.79
2026-08-08 17:23:49,105.82,99.43,99.01,99.04,97.03,69.71,58.95,73.74,83.82
2026-08-08 17:23:50,105.86,99.46,99.08,99.06,97.09,69.78,58.94,73.81,83.90
2026-08-08 17:23:51,105.90,99.50,99.11,99.11,97.13,69.84,58.93,73.87,83.95
2026-08-08 17:23:52,105.94,99.54,99.15,99.14,97.17,69.87,58.93,73.93,84.00
2026-08-08 17:23:53,105.98,99.58,99.20,99.17,97.21,69.91,58.95,74.04,84.08
2026-08-08 17:23:54,106.02,99.62,99.22,99.22,97.25,69.92,58.97,74.13,84.10
2026-08-08 17:23:55,106.09,99.68,99.29,99.27,97.33,70.05,58.98,74.27,84.20
2026-08-08 17:23:57,106.16,99.76,99.36,99.37,97.41,70.12,59.01,74.41,84.31
2026-08-08 17:23:58,106.20,99.80,99.40,99.40,97.45,70.16,59.07,74.47,84.36
2026-08-08 17:24:00,106.27,99.87,99.46,99.47,97.53,70.23,59.19,74.61,84.38
2026-08-08 17:24:02,106.34,99.94,99.54,99.57,97.58,70.34,59.24,74.72,84.46
2026-08-08 17:24:04,106.38,99.98,99.58,99.59,97.61,70.45,59.24,74.81,84.45
2026-08-08 17:24:05,106.42,100.03,99.63,99.65,97.65,70.54,59.26,74.89,84.46
2026-08-08 17:24:06,106.44,100.06,99.65,99.68,97.66,70.63,59.29,74.97,84.46
2026-08-08 17:24:07,106.49,100.10,99.69,99.73,97.70,70.77,59.27,75.05,84.47
2026-08-08 17:24:08,106.52,100.13,99.72,99.76,97.73,70.89,59.24,75.12,84.48